ssid,channel,source,signal_strength,floorid,roomid
1,2452,cap2,-65,1,214
1,2452,cap2,-64,1,214
1,2452,cap2,-63,1,214
1,2457,cap1,-80,1,214
1,2457,cap1,-74,1,214
1,2457,cap2,-63,1,214
1,2457,cap2,-58,1,214
1,2462,cap1,-82,1,214
1,2462,cap1,-78,1,214
1,2462,cap1,-77,1,214
1,2462,cap1,-76,1,214
1,2462,cap1,-75,1,214
1,2462,cap1,-74,1,214
1,2462,cap2,-64,1,214
1,2462,cap2,-60,1,214
1,2462,cap2,-58,1,214
1,0,cap3,100,1,214
1,2452,cap2,-60,4,214
1,2457,cap2,-61,4,214
1,2462,cap1,-86,4,214
1,2462,cap1,-84,4,214
1,2462,cap1,-83,4,214
1,2462,cap1,-82,4,214
1,2462,cap2,-63,4,214
1,2462,cap2,-59,4,214
1,2462,cap2,-56,4,214
1,2462,cap2,-52,4,214
1,0,cap3,100,4,214
1,2457,cap1,-88,7,214
1,2462,cap1,-90,7,214
1,2462,cap1,-87,7,214
1,2462,cap1,-83,7,214
1,2462,cap1,-80,7,214
1,2462,cap2,-54,7,214
1,2462,cap2,-52,7,214
1,2462,cap2,-51,7,214
1,2462,cap2,-49,7,214
1,2462,cap2,-45,7,214
1,2462,cap2,-44,7,214
1,0,cap3,100,7,214
1,2452,cap2,-63,10,214
1,2457,cap2,-63,10,214
1,2462,cap1,-82,10,214
1,2462,cap2,-62,10,214
1,2462,cap2,-61,10,214
1,0,cap3,100,10,214
1,2457,cap2,-59,13,214
1,2462,cap1,-86,13,214
1,2462,cap1,-84,13,214
1,2462,cap1,-83,13,214
1,2462,cap1,-78,13,214
1,2462,cap1,-75,13,214
1,2462,cap2,-65,13,214
1,2462,cap2,-63,13,214
1,2462,cap2,-61,13,214
1,2462,cap2,-54,13,214
1,0,cap3,100,13,214
1,2457,cap1,-79,16,214
1,2457,cap1,-75,16,214
1,2457,cap2,-52,16,214
1,2457,cap2,-50,16,214
1,2462,cap1,-82,16,214
1,2462,cap1,-81,16,214
1,2462,cap1,-78,16,214
1,2462,cap1,-76,16,214
1,2462,cap2,-57,16,214
1,2462,cap2,-54,16,214
1,2462,cap2,-48,16,214
1,2462,cap2,-47,16,214
1,0,cap3,100,16,214
1,2457,cap2,-74,19,214
1,2462,cap1,-90,19,214
1,2462,cap2,-75,19,214
1,2462,cap2,-72,19,214
1,2462,cap2,-69,19,214
1,2462,cap2,-68,19,214
1,2462,cap2,-64,19,214
1,2462,cap2,-61,19,214
1,0,cap3,100,19,214
1,2457,cap2,-58,22,214
1,2462,cap1,-77,22,214
1,2462,cap1,-73,22,214
1,2462,cap2,-59,22,214
1,2462,cap2,-50,22,214
1,2462,cap2,-46,22,214
1,2462,cap2,-45,22,214
1,0,cap3,100,22,214
1,2462,cap1,-88,25,214
1,2462,cap1,-86,25,214
1,2462,cap1,-85,25,214
1,2462,cap1,-83,25,214
1,2462,cap1,-78,25,214
1,2462,cap1,-77,25,214
1,2462,cap2,-54,25,214
1,2462,cap2,-51,25,214
1,2462,cap2,-47,25,214
1,2462,cap2,-46,25,214
1,2462,cap2,-43,25,214
1,0,cap3,100,25,214
1,2457,cap2,-62,28,214
1,2462,cap1,-77,28,214
1,2462,cap2,-64,28,214
1,2462,cap2,-63,28,214
1,0,cap3,100,28,214
1,2457,cap2,-48,31,214
1,2462,cap1,-85,31,214
1,2462,cap1,-77,31,214
1,2462,cap2,-53,31,214
1,2462,cap2,-49,31,214
1,0,cap3,100,31,214
1,2457,cap1,-73,34,214
1,2462,cap1,-77,34,214
1,2462,cap1,-75,34,214
1,2462,cap2,-55,34,214
1,2462,cap2,-50,34,214
1,2462,cap2,-44,34,214
1,0,cap3,100,34,214
1,2457,cap2,-74,37,214
1,2457,cap2,-64,37,214
1,2462,cap1,-78,37,214
1,2462,cap2,-69,37,214
1,2462,cap2,-64,37,214
1,2462,cap2,-63,37,214
1,2462,cap2,-60,37,214
1,2462,cap2,-56,37,214
1,0,cap3,100,37,214
1,2462,cap1,-82,40,214
1,2462,cap1,-81,40,214
1,2462,cap1,-75,40,214
1,2462,cap2,-54,40,214
1,2462,cap2,-52,40,214
1,2462,cap2,-51,40,214
1,2462,cap2,-49,40,214
1,2462,cap2,-46,40,214
1,0,cap3,100,40,214
1,2457,cap1,-85,43,214
1,2462,cap1,-87,43,214
1,2462,cap1,-84,43,214
1,2462,cap1,-81,43,214
1,2462,cap2,-59,43,214
1,2462,cap2,-57,43,214
1,2462,cap2,-54,43,214
1,2462,cap2,-52,43,214
1,2462,cap2,-51,43,214
1,0,cap3,100,43,214
1,2457,cap2,-69,46,214
1,2457,cap2,-64,46,214
1,2457,cap2,-62,46,214
1,2457,cap2,-59,46,214
1,2462,cap1,-81,46,214
1,2462,cap1,-76,46,214
1,2462,cap2,-67,46,214
1,2462,cap2,-66,46,214
1,2462,cap2,-65,46,214
1,2462,cap2,-53,46,214
1,0,cap3,100,46,214
1,2462,cap1,-79,49,214
1,2462,cap1,-76,49,214
1,2462,cap1,-75,49,214
1,2462,cap1,-73,49,214
1,2462,cap2,-67,49,214
1,2462,cap2,-62,49,214
1,2462,cap2,-52,49,214
1,0,cap3,100,49,214
1,2457,cap2,-69,52,214
1,2457,cap2,-59,52,214
1,2462,cap1,-91,52,214
1,2462,cap1,-89,52,214
1,2462,cap2,-69,52,214
1,2462,cap2,-59,52,214
1,2462,cap2,-56,52,214
1,2462,cap2,-51,52,214
1,0,cap3,100,52,214
1,2452,cap1,-76,55,214
1,2462,cap1,-81,55,214
1,2462,cap2,-58,55,214
1,2462,cap2,-55,55,214
1,0,cap3,100,55,214
1,2457,cap1,-74,58,214
1,2457,cap1,-73,58,214
1,2457,cap2,-57,58,214
1,2462,cap1,-77,58,214
1,2462,cap1,-75,58,214
1,2462,cap1,-72,58,214
1,2462,cap1,-70,58,214
1,2462,cap2,-62,58,214
1,2462,cap2,-60,58,214
1,2462,cap2,-57,58,214
1,2462,cap2,-55,58,214
1,0,cap3,100,58,214
1,2447,cap2,-59,61,214
1,2457,cap2,-47,61,214
1,2462,cap1,-90,61,214
1,2462,cap1,-88,61,214
1,2462,cap1,-80,61,214
1,2462,cap1,-79,61,214
1,2462,cap1,-78,61,214
1,2462,cap1,-69,61,214
1,2462,cap2,-54,61,214
1,2462,cap2,-53,61,214
1,2462,cap2,-52,61,214
1,2462,cap2,-49,61,214
1,2462,cap2,-47,61,214
1,2462,cap2,-44,61,214
1,2462,cap2,-43,61,214
1,2462,cap3,-96,61,214
1,2462,cap3,-95,61,214
1,2462,cap3,-91,61,214
1,2457,cap2,-70,64,214
1,2457,cap2,-69,64,214
1,2457,cap2,-61,64,214
1,2457,cap2,-59,64,214
1,2462,cap1,-85,64,214
1,2462,cap1,-84,64,214
1,2462,cap1,-78,64,214
1,2462,cap2,-65,64,214
1,0,cap3,100,64,214
1,2452,cap1,-80,67,214
1,2452,cap1,-78,67,214
1,2452,cap2,-62,67,214
1,2457,cap1,-73,67,214
1,2457,cap2,-57,67,214
1,2462,cap1,-84,67,214
1,2462,cap1,-81,67,214
1,2462,cap1,-80,67,214
1,2462,cap1,-79,67,214
1,2462,cap1,-77,67,214
1,2462,cap1,-72,67,214
1,2462,cap2,-57,67,214
1,2462,cap2,-56,67,214
1,2462,cap2,-52,67,214
1,2462,cap2,-51,67,214
1,0,cap3,100,67,214
1,2452,cap2,-56,70,214
1,2457,cap2,-53,70,214
1,2457,cap2,-48,70,214
1,2462,cap1,-83,70,214
1,2462,cap1,-77,70,214
1,2462,cap1,-76,70,214
1,2462,cap1,-74,70,214
1,2462,cap2,-50,70,214
1,2462,cap2,-49,70,214
1,2462,cap2,-46,70,214
1,2462,cap2,-41,70,214
1,2462,cap3,-99,70,214
1,2462,cap3,-89,70,214
1,2452,cap2,-67,73,214
1,2457,cap2,-74,73,214
1,2462,cap1,-86,73,214
1,2462,cap1,-83,73,214
1,2462,cap2,-74,73,214
1,2462,cap2,-73,73,214
1,0,cap3,100,73,214
1,2452,cap2,-66,76,214
1,2457,cap1,-73,76,214
1,2457,cap1,-71,76,214
1,2462,cap1,-82,76,214
1,2462,cap1,-74,76,214
1,2462,cap1,-71,76,214
1,2462,cap1,-69,76,214
1,2462,cap1,-68,76,214
1,2462,cap2,-75,76,214
1,2462,cap2,-62,76,214
1,2462,cap2,-60,76,214
1,2462,cap2,-55,76,214
1,2462,cap2,-53,76,214
1,0,cap3,100,76,214
1,2462,cap1,-79,79,214
1,2462,cap1,-76,79,214
1,2462,cap1,-75,79,214
1,2462,cap1,-74,79,214
1,2462,cap1,-71,79,214
1,2462,cap2,-40,79,214
1,2462,cap2,-36,79,214
1,2462,cap2,-35,79,214
1,2462,cap2,-34,79,214
1,2462,cap3,-101,79,214
1,2462,cap3,-99,79,214
1,2462,cap3,-96,79,214
1,2462,cap3,-90,79,214
1,2432,cap2,-68,103,213
1,2437,cap1,-64,103,213
1,2437,cap2,-78,103,213
1,2442,cap1,-72,103,213
1,2442,cap1,-62,103,213
1,2442,cap2,-70,103,213
1,2442,cap2,-67,103,213
1,2447,cap1,-66,103,213
1,0,cap3,100,103,213
1,2432,cap2,-70,106,213
1,2437,cap1,-68,106,213
1,2437,cap2,-73,106,213
1,2437,cap2,-69,106,213
1,2437,cap3,-94,106,213
1,2437,cap3,-92,106,213
1,2437,cap3,-91,106,213
1,2437,cap3,-89,106,213
1,2442,cap2,-75,106,213
1,2442,cap2,-72,106,213
1,2447,cap1,-63,106,213
1,2447,cap2,-74,106,213
1,2437,cap1,-62,109,213
1,2437,cap1,-52,109,213
1,2437,cap2,-56,109,213
1,2437,cap2,-53,109,213
1,2437,cap3,-92,109,213
1,2437,cap3,-91,109,213
1,2437,cap3,-90,109,213
1,2442,cap1,-57,109,213
1,2442,cap1,-56,109,213
1,2442,cap1,-52,109,213
1,2442,cap2,-50,109,213
1,2442,cap3,-88,109,213
1,2452,cap2,-69,109,213
1,2432,cap1,-57,112,213
1,2437,cap1,-64,112,213
1,2437,cap2,-66,112,213
1,2437,cap3,-93,112,213
1,2437,cap3,-91,112,213
1,2442,cap2,-68,112,213
1,2447,cap2,-70,112,213
1,2447,cap2,-68,112,213
1,2452,cap1,-73,112,213
1,2437,cap2,-63,115,213
1,2437,cap3,-92,115,213
1,2437,cap3,-91,115,213
1,2437,cap3,-90,115,213
1,2442,cap1,-53,115,213
1,2442,cap2,-65,115,213
1,2447,cap1,-59,115,213
1,2447,cap2,-68,115,213
1,2452,cap1,-75,115,213
1,2452,cap1,-73,115,213
1,2452,cap1,-71,115,213
1,2422,cap2,-74,118,213
1,2432,cap3,-90,118,213
1,2437,cap2,-56,118,213
1,2437,cap3,-90,118,213
1,2437,cap3,-89,118,213
1,2442,cap1,-58,118,213
1,2442,cap2,-54,118,213
1,2442,cap2,-53,118,213
1,2442,cap2,-52,118,213
1,2447,cap1,-62,118,213
1,2427,cap2,-74,121,213
1,2427,cap2,-72,121,213
1,2432,cap2,-72,121,213
1,2432,cap2,-65,121,213
1,2437,cap1,-63,121,213
1,2442,cap1,-66,121,213
1,2442,cap1,-60,121,213
1,2442,cap2,-73,121,213
1,2442,cap2,-70,121,213
1,2447,cap1,-65,121,213
1,0,cap3,100,121,213
1,2427,cap2,-68,124,213
1,2437,cap1,-66,124,213
1,2437,cap1,-65,124,213
1,2437,cap2,-65,124,213
1,2437,cap3,-91,124,213
1,2437,cap3,-88,124,213
1,2437,cap3,-86,124,213
1,2437,cap3,-84,124,213
1,2442,cap1,-64,124,213
1,2442,cap1,-63,124,213
1,2447,cap1,-68,124,213
1,2447,cap2,-68,124,213
1,2447,cap2,-65,124,213
1,2427,cap2,-67,127,213
1,2432,cap2,-61,127,213
1,2437,cap3,-89,127,213
1,2437,cap3,-88,127,213
1,2442,cap1,-66,127,213
1,2442,cap1,-53,127,213
1,2442,cap2,-57,127,213
1,2447,cap1,-57,127,213
1,2447,cap1,-51,127,213
1,2452,cap1,-66,127,213
1,2432,cap3,-89,130,213
1,2432,cap3,-85,130,213
1,2437,cap2,-55,130,213
1,2437,cap2,-54,130,213
1,2437,cap3,-89,130,213
1,2437,cap3,-87,130,213
1,2442,cap1,-50,130,213
1,2442,cap3,-88,130,213
1,2452,cap1,-67,130,213
1,2452,cap1,-60,130,213
1,2452,cap2,-71,130,213
1,2432,cap1,-63,133,213
1,2432,cap2,-72,133,213
1,2437,cap3,-93,133,213
1,2437,cap3,-89,133,213
1,2437,cap3,-88,133,213
1,2442,cap1,-64,133,213
1,2442,cap1,-63,133,213
1,2442,cap2,-68,133,213
1,2442,cap2,-67,133,213
1,2447,cap2,-70,133,213
1,2447,cap2,-69,133,213
1,2427,cap1,-69,136,213
1,2427,cap2,-67,136,213
1,2432,cap1,-67,136,213
1,2432,cap1,-63,136,213
1,2432,cap1,-62,136,213
1,2437,cap2,-66,136,213
1,2437,cap2,-65,136,213
1,2437,cap3,-90,136,213
1,2442,cap1,-61,136,213
1,2442,cap1,-60,136,213
1,2442,cap2,-65,136,213
1,2442,cap2,-64,136,213
1,2447,cap2,-70,136,213
1,2437,cap2,-55,139,213
1,2437,cap3,-88,139,213
1,2437,cap3,-87,139,213
1,2442,cap2,-54,139,213
1,2442,cap2,-53,139,213
1,2447,cap2,-56,139,213
1,2452,cap1,-68,139,213
1,2452,cap1,-65,139,213
1,2452,cap1,-63,139,213
1,2452,cap1,-61,139,213
1,2432,cap2,-72,142,213
1,2432,cap3,-88,142,213
1,2437,cap2,-68,142,213
1,2442,cap1,-62,142,213
1,2442,cap1,-61,142,213
1,2442,cap1,-60,142,213
1,2442,cap1,-59,142,213
1,2442,cap2,-69,142,213
1,2442,cap2,-68,142,213
1,2442,cap2,-67,142,213
1,2442,cap2,-66,142,213
1,2427,cap1,-66,145,213
1,2432,cap1,-62,145,213
1,2432,cap2,-68,145,213
1,2432,cap2,-67,145,213
1,2437,cap1,-64,145,213
1,2437,cap1,-60,145,213
1,2437,cap1,-57,145,213
1,2437,cap2,-73,145,213
1,2437,cap3,-95,145,213
1,2442,cap1,-57,145,213
1,2442,cap2,-70,145,213
1,2442,cap3,-87,145,213
1,2442,cap3,-85,145,213
1,2442,cap3,-82,145,213
1,2422,cap2,-74,148,213
1,2432,cap2,-55,148,213
1,2437,cap2,-62,148,213
1,2437,cap3,-86,148,213
1,2437,cap3,-85,148,213
1,2437,cap3,-84,148,213
1,2442,cap1,-48,148,213
1,2442,cap2,-61,148,213
1,2442,cap2,-59,148,213
1,2442,cap2,-57,148,213
1,2442,cap2,-56,148,213
1,2442,cap2,-55,148,213
1,2442,cap3,-87,148,213
1,2452,cap1,-59,148,213
1,2432,cap2,-79,151,213
1,2432,cap3,-88,151,213
1,2437,cap1,-56,151,213
1,2437,cap2,-69,151,213
1,2437,cap2,-68,151,213
1,2437,cap3,-94,151,213
1,2437,cap3,-92,151,213
1,2437,cap3,-90,151,213
1,2437,cap3,-89,151,213
1,2437,cap3,-88,151,213
1,2442,cap1,-57,151,213
1,2442,cap1,-56,151,213
1,2442,cap1,-55,151,213
1,2442,cap1,-54,151,213
1,2442,cap2,-70,151,213
1,2442,cap2,-68,151,213
1,2447,cap2,-71,151,213
1,2427,cap3,-86,154,213
1,2432,cap3,-82,154,213
1,2437,cap2,-65,154,213
1,2437,cap2,-63,154,213
1,2437,cap2,-61,154,213
1,2437,cap3,-85,154,213
1,2437,cap3,-84,154,213
1,2442,cap1,-55,154,213
1,2442,cap1,-52,154,213
1,2442,cap2,-62,154,213
1,2442,cap2,-61,154,213
1,2442,cap2,-60,154,213
1,2442,cap3,-86,154,213
1,2442,cap3,-85,154,213
1,2442,cap3,-84,154,213
1,2447,cap2,-66,154,213
1,2452,cap1,-72,154,213
1,2452,cap1,-67,154,213
1,2432,cap2,-70,157,213
1,2432,cap2,-62,157,213
1,2437,cap1,-54,157,213
1,2437,cap2,-71,157,213
1,2442,cap1,-55,157,213
1,2442,cap1,-53,157,213
1,2442,cap2,-72,157,213
1,2442,cap2,-70,157,213
1,2442,cap2,-68,157,213
1,2442,cap3,-86,157,213
1,2442,cap3,-85,157,213
1,2442,cap3,-83,157,213
1,2447,cap1,-61,157,213
1,2427,cap2,-80,160,213
1,2437,cap2,-69,160,213
1,2437,cap2,-66,160,213
1,2437,cap3,-89,160,213
1,2437,cap3,-84,160,213
1,2442,cap2,-70,160,213
1,2442,cap3,-84,160,213
1,2442,cap3,-83,160,213
1,2447,cap2,-70,160,213
1,0,cap1,100,160,213
1,2427,cap2,-79,163,213
1,2427,cap2,-68,163,213
1,2432,cap2,-68,163,213
1,2432,cap3,-90,163,213
1,2437,cap1,-57,163,213
1,2437,cap2,-70,163,213
1,2437,cap2,-69,163,213
1,2437,cap3,-92,163,213
1,2437,cap3,-90,163,213
1,2437,cap3,-86,163,213
1,2442,cap1,-59,163,213
1,2442,cap1,-56,163,213
1,2442,cap3,-89,163,213
1,2442,cap3,-88,163,213
1,2427,cap2,-73,166,213
1,2432,cap2,-73,166,213
1,2432,cap2,-69,166,213
1,2432,cap3,-84,166,213
1,2437,cap2,-74,166,213
1,2437,cap2,-67,166,213
1,2437,cap3,-90,166,213
1,2437,cap3,-87,166,213
1,2437,cap3,-86,166,213
1,2442,cap1,-62,166,213
1,2442,cap1,-58,166,213
1,2442,cap1,-57,166,213
1,2442,cap1,-55,166,213
1,2442,cap2,-87,166,213
1,2442,cap3,-83,166,213
1,2442,cap3,-82,166,213
1,2432,cap1,-52,169,213
1,2432,cap2,-69,169,213
1,2432,cap2,-68,169,213
1,2432,cap2,-60,169,213
1,2437,cap2,-64,169,213
1,2437,cap2,-63,169,213
1,2437,cap3,-82,169,213
1,2437,cap3,-79,169,213
1,2442,cap1,-50,169,213
1,2442,cap2,-61,169,213
1,2442,cap2,-60,169,213
1,2442,cap3,-82,169,213
1,2442,cap3,-81,169,213
1,2447,cap1,-58,169,213
1,2452,cap1,-70,169,213
1,2432,cap2,-68,172,213
1,2432,cap3,-83,172,213
1,2437,cap2,-78,172,213
1,2437,cap3,-91,172,213
1,2437,cap3,-89,172,213
1,2442,cap1,-67,172,213
1,2442,cap1,-66,172,213
1,2442,cap1,-64,172,213
1,2442,cap1,-62,172,213
1,2442,cap2,-74,172,213
1,2442,cap2,-70,172,213
1,2442,cap3,-87,172,213
1,2447,cap1,-64,172,213
1,2427,cap2,-73,175,213
1,2437,cap1,-55,175,213
1,2437,cap2,-71,175,213
1,2437,cap3,-88,175,213
1,2437,cap3,-87,175,213
1,2442,cap1,-59,175,213
1,2442,cap1,-58,175,213
1,2442,cap2,-71,175,213
1,2442,cap2,-68,175,213
1,2442,cap3,-89,175,213
1,2442,cap3,-86,175,213
1,2447,cap2,-70,175,213
1,2432,cap3,-75,178,213
1,2437,cap1,-52,178,213
1,2437,cap2,-67,178,213
1,2437,cap2,-65,178,213
1,2437,cap3,-80,178,213
1,2442,cap1,-56,178,213
1,2442,cap2,-64,178,213
1,2442,cap3,-79,178,213
1,2442,cap3,-77,178,213
1,2442,cap3,-76,178,213
1,2447,cap1,-54,178,213
1,2447,cap2,-68,178,213
1,2447,cap2,-65,178,213
1,2447,cap3,-80,178,213
1,2432,cap1,-55,181,213
1,2437,cap1,-60,181,213
1,2437,cap2,-79,181,213
1,2437,cap2,-75,181,213
1,2437,cap2,-74,181,213
1,2437,cap3,-91,181,213
1,2437,cap3,-89,181,213
1,2437,cap3,-86,181,213
1,2437,cap3,-85,181,213
1,2442,cap1,-65,181,213
1,2442,cap1,-61,181,213
1,2442,cap1,-58,181,213
1,2442,cap2,-77,181,213
1,2442,cap2,-71,181,213
1,2442,cap3,-87,181,213
1,2447,cap2,-76,181,213
1,2437,cap2,-74,184,213
1,2437,cap2,-71,184,213
1,2437,cap2,-66,184,213
1,2437,cap2,-65,184,213
1,2437,cap3,-82,184,213
1,2442,cap1,-46,184,213
1,2442,cap2,-67,184,213
1,2442,cap3,-81,184,213
1,2442,cap3,-80,184,213
1,2442,cap3,-78,184,213
1,2447,cap1,-52,184,213
1,2447,cap1,-51,184,213
1,2447,cap2,-68,184,213
1,2447,cap3,-82,184,213
1,2452,cap1,-65,184,213
1,2427,cap2,-69,187,213
1,2437,cap2,-63,187,213
1,2437,cap3,-83,187,213
1,2437,cap3,-82,187,213
1,2442,cap1,-57,187,213
1,2442,cap2,-65,187,213
1,2442,cap2,-64,187,213
1,2442,cap3,-83,187,213
1,2442,cap3,-82,187,213
1,2442,cap3,-80,187,213
1,2447,cap1,-63,187,213
1,2447,cap2,-71,187,213
1,2412,cap1,-92,190,111
1,2412,cap1,-88,190,111
1,2412,cap1,-86,190,111
1,2412,cap1,-84,190,111
1,2412,cap2,-95,190,111
1,2412,cap2,-94,190,111
1,2412,cap2,-92,190,111
1,2412,cap2,-89,190,111
1,2412,cap2,-87,190,111
1,2412,cap3,-71,190,111
1,2412,cap3,-65,190,111
1,2417,cap3,-75,190,111
1,2417,cap3,-68,190,111
1,2417,cap3,-66,190,111
1,2417,cap3,-65,190,111
1,2417,cap3,-64,190,111
1,2417,cap3,-63,190,111
1,2422,cap3,-67,190,111
1,2427,cap3,-82,190,111
1,2427,cap3,-80,190,111
1,2432,cap3,-75,193,111
1,2437,cap3,-75,193,111
1,2437,cap3,-74,193,111
1,2437,cap3,-73,193,111
1,2437,cap3,-72,193,111
1,2437,cap3,-71,193,111
1,2437,cap3,-70,193,111
1,2437,cap3,-68,193,111
1,2442,cap3,-80,193,111
1,2442,cap3,-77,193,111
1,2442,cap3,-76,193,111
1,2442,cap3,-75,193,111
1,2442,cap3,-74,193,111
1,2442,cap3,-73,193,111
1,2442,cap3,-72,193,111
1,0,cap2,100,193,111
1,0,cap1,100,193,111
1,2427,cap3,-78,196,111
1,2427,cap3,-77,196,111
1,2432,cap3,-84,196,111
1,2432,cap3,-80,196,111
1,2437,cap3,-85,196,111
1,2437,cap3,-82,196,111
1,2437,cap3,-78,196,111
1,2437,cap3,-77,196,111
1,2437,cap3,-69,196,111
1,2457,cap3,-74,196,111
1,2457,cap3,-71,196,111
1,2457,cap3,-70,196,111
1,2462,cap3,-81,196,111
1,2462,cap3,-78,196,111
1,0,cap2,100,196,111
1,0,cap1,100,196,111
1,2442,cap3,-77,199,111
1,2452,cap3,-78,199,111
1,2452,cap3,-77,199,111
1,2457,cap3,-76,199,111
1,2457,cap3,-75,199,111
1,2457,cap3,-74,199,111
1,2457,cap3,-73,199,111
1,2457,cap3,-72,199,111
1,2462,cap3,-81,199,111
1,2462,cap3,-80,199,111
1,2462,cap3,-79,199,111
1,0,cap2,100,199,111
1,0,cap1,100,199,111
1,2442,cap3,-76,202,111
1,2452,cap1,-88,202,111
1,2452,cap1,-85,202,111
1,2452,cap3,-76,202,111
1,2452,cap3,-75,202,111
1,2452,cap3,-71,202,111
1,2457,cap3,-73,202,111
1,2457,cap3,-72,202,111
1,2457,cap3,-71,202,111
1,2457,cap3,-70,202,111
1,2457,cap3,-69,202,111
1,2462,cap3,-78,202,111
1,2462,cap3,-74,202,111
1,0,cap2,100,202,111
1,2437,cap3,-79,205,111
1,2452,cap1,-89,205,111
1,2452,cap1,-86,205,111
1,2452,cap3,-65,205,111
1,2457,cap3,-72,205,111
1,2457,cap3,-70,205,111
1,2457,cap3,-65,205,111
1,2462,cap3,-75,205,111
1,2462,cap3,-73,205,111
1,2462,cap3,-71,205,111
1,2462,cap3,-70,205,111
1,2462,cap3,-69,205,111
1,0,cap2,100,205,111
1,2452,cap3,-75,208,111
1,2452,cap3,-71,208,111
1,2457,cap3,-74,208,111
1,2457,cap3,-71,208,111
1,2457,cap3,-69,208,111
1,2462,cap3,-78,208,111
1,2462,cap3,-76,208,111
1,2462,cap3,-75,208,111
1,2462,cap3,-74,208,111
1,2462,cap3,-70,208,111
1,0,cap2,100,208,111
1,0,cap1,100,208,111
1,2452,cap1,-90,211,111
1,2452,cap3,-66,211,111
1,2452,cap3,-64,211,111
1,2457,cap3,-68,211,111
1,2457,cap3,-64,211,111
1,2457,cap3,-62,211,111
1,2457,cap3,-61,211,111
1,2462,cap3,-69,211,111
1,2462,cap3,-68,211,111
1,2462,cap3,-67,211,111
1,2462,cap3,-66,211,111
1,2462,cap3,-65,211,111
1,0,cap2,100,211,111
1,2412,cap3,-71,214,111
1,2417,cap3,-73,214,111
1,2417,cap3,-72,214,111
1,2417,cap3,-70,214,111
1,2417,cap3,-67,214,111
1,2417,cap3,-66,214,111
1,2417,cap3,-64,214,111
1,2422,cap3,-76,214,111
1,2422,cap3,-73,214,111
1,2422,cap3,-71,214,111
1,2422,cap3,-70,214,111
1,0,cap2,100,214,111
1,0,cap1,100,214,111
1,2412,cap1,-92,217,111
1,2412,cap1,-89,217,111
1,2412,cap1,-87,217,111
1,2412,cap3,-66,217,111
1,2417,cap1,-86,217,111
1,2417,cap1,-83,217,111
1,2417,cap3,-69,217,111
1,2417,cap3,-67,217,111
1,2417,cap3,-64,217,111
1,2417,cap3,-63,217,111
1,2417,cap3,-62,217,111
1,2427,cap3,-91,217,111
1,2427,cap3,-85,217,111
1,2427,cap3,-83,217,111
1,0,cap2,100,217,111
1,2412,cap3,-68,220,111
1,2417,cap3,-74,220,111
1,2417,cap3,-73,220,111
1,2417,cap3,-72,220,111
1,2417,cap3,-71,220,111
1,2417,cap3,-67,220,111
1,2417,cap3,-64,220,111
1,2422,cap3,-75,220,111
1,2422,cap3,-74,220,111
1,2422,cap3,-73,220,111
1,2422,cap3,-71,220,111
1,0,cap2,100,220,111
1,0,cap1,100,220,111
1,2412,cap3,-65,223,111
1,2412,cap3,-63,223,111
1,2417,cap3,-70,223,111
1,2417,cap3,-67,223,111
1,2417,cap3,-58,223,111
1,2417,cap3,-55,223,111
1,2422,cap3,-69,223,111
1,2422,cap3,-68,223,111
1,2422,cap3,-66,223,111
1,2427,cap3,-79,223,111
1,0,cap2,100,223,111
1,0,cap1,100,223,111
1,2412,cap3,-71,226,111
1,2412,cap3,-67,226,111
1,2417,cap3,-74,226,111
1,2417,cap3,-69,226,111
1,2417,cap3,-68,226,111
1,2417,cap3,-67,226,111
1,2417,cap3,-66,226,111
1,2417,cap3,-65,226,111
1,2422,cap3,-73,226,111
1,2422,cap3,-72,226,111
1,2422,cap3,-70,226,111
1,2427,cap3,-79,226,111
1,0,cap2,100,226,111
1,0,cap1,100,226,111
1,2412,cap3,-71,229,111
1,2412,cap3,-70,229,111
1,2412,cap3,-66,229,111
1,2417,cap3,-69,229,111
1,2417,cap3,-67,229,111
1,2417,cap3,-66,229,111
1,2417,cap3,-65,229,111
1,2417,cap3,-64,229,111
1,2417,cap3,-63,229,111
1,2422,cap3,-74,229,111
1,2422,cap3,-73,229,111
1,0,cap2,100,229,111
1,0,cap1,100,229,111
1,2412,cap3,-73,232,111
1,2412,cap3,-72,232,111
1,2412,cap3,-70,232,111
1,2412,cap3,-69,232,111
1,2417,cap3,-72,232,111
1,2417,cap3,-71,232,111
1,2417,cap3,-70,232,111
1,2417,cap3,-69,232,111
1,2417,cap3,-68,232,111
1,2422,cap3,-78,232,111
1,0,cap2,100,232,111
1,0,cap1,100,232,111
1,2412,cap1,-90,235,111
1,2412,cap1,-89,235,111
1,2412,cap1,-88,235,111
1,2412,cap3,-68,235,111
1,2412,cap3,-67,235,111
1,2412,cap3,-66,235,111
1,2412,cap3,-65,235,111
1,2417,cap3,-71,235,111
1,2417,cap3,-70,235,111
1,2417,cap3,-69,235,111
1,2417,cap3,-62,235,111
1,2422,cap3,-65,235,111
1,0,cap2,100,235,111
1,2457,cap3,-72,238,111
1,2457,cap3,-69,238,111
1,2457,cap3,-66,238,111
1,2457,cap3,-65,238,111
1,2462,cap3,-76,238,111
1,2462,cap3,-70,238,111
1,2462,cap3,-69,238,111
1,2462,cap3,-68,238,111
1,2462,cap3,-67,238,111
1,2462,cap3,-66,238,111
1,2462,cap3,-64,238,111
1,0,cap2,100,238,111
1,0,cap1,100,238,111
1,2457,cap3,-58,241,111
1,2462,cap1,-95,241,111
1,2462,cap1,-77,241,111
1,2462,cap3,-69,241,111
1,2462,cap3,-65,241,111
1,2462,cap3,-63,241,111
1,2462,cap3,-62,241,111
1,2462,cap3,-61,241,111
1,2462,cap3,-58,241,111
1,2462,cap3,-57,241,111
1,2462,cap3,-55,241,111
1,2462,cap3,-54,241,111
1,0,cap2,100,241,111
1,2457,cap3,-66,244,111
1,2457,cap3,-65,244,111
1,2457,cap3,-61,244,111
1,2462,cap1,-83,244,111
1,2462,cap3,-71,244,111
1,2462,cap3,-65,244,111
1,2462,cap3,-62,244,111
1,2462,cap3,-60,244,111
1,2462,cap3,-59,244,111
1,0,cap2,100,244,111
1,2457,cap3,-66,247,111
1,2457,cap3,-64,247,111
1,2457,cap3,-61,247,111
1,2462,cap3,-70,247,111
1,2462,cap3,-68,247,111
1,2462,cap3,-65,247,111
1,2462,cap3,-63,247,111
1,2462,cap3,-62,247,111
1,2462,cap3,-61,247,111
1,2462,cap3,-58,247,111
1,0,cap2,100,247,111
1,0,cap1,100,247,111
1,2442,cap3,-69,250,111
1,2442,cap3,-66,250,111
1,2447,cap3,-68,250,111
1,2447,cap3,-66,250,111
1,2447,cap3,-65,250,111
1,2447,cap3,-62,250,111
1,2447,cap3,-60,250,111
1,2452,cap3,-74,250,111
1,2457,cap3,-79,250,111
1,0,cap2,100,250,111
1,0,cap1,100,250,111
1,2442,cap3,-68,253,111
1,2447,cap3,-70,253,111
1,2447,cap3,-67,253,111
1,2447,cap3,-66,253,111
1,2447,cap3,-61,253,111
1,2452,cap3,-71,253,111
1,2452,cap3,-70,253,111
1,0,cap2,100,253,111
1,0,cap1,100,253,111
1,2442,cap3,-66,256,111
1,2452,cap3,-76,256,111
1,2452,cap3,-75,256,111
1,2452,cap3,-74,256,111
1,2452,cap3,-73,256,111
1,2452,cap3,-72,256,111
1,2452,cap3,-71,256,111
1,0,cap2,100,256,111
1,0,cap1,100,256,111
1,2447,cap3,-70,259,111
1,2447,cap3,-68,259,111
1,2452,cap3,-79,259,111
1,2452,cap3,-76,259,111
1,2452,cap3,-75,259,111
1,2452,cap3,-71,259,111
1,2457,cap3,-80,259,111
1,2457,cap3,-79,259,111
1,0,cap2,100,259,111
1,0,cap1,100,259,111
1,2442,cap3,-72,262,111
1,2442,cap3,-70,262,111
1,2442,cap3,-69,262,111
1,2447,cap3,-70,262,111
1,2452,cap3,-74,262,111
1,2452,cap3,-71,262,111
1,2457,cap3,-83,262,111
1,2457,cap3,-82,262,111
1,2457,cap3,-79,262,111
1,2457,cap3,-78,262,111
1,0,cap2,100,262,111
1,0,cap1,100,262,111
1,2437,cap3,-60,265,111
1,2442,cap3,-61,265,111
1,2447,cap3,-61,265,111
1,2447,cap3,-58,265,111
1,2457,cap3,-86,265,111
1,2457,cap3,-81,265,111
1,2457,cap3,-80,265,111
1,0,cap2,100,265,111
1,0,cap1,100,265,111
1,2442,cap1,-87,268,111
1,2447,cap3,-66,268,111
1,2447,cap3,-65,268,111
1,2447,cap3,-64,268,111
1,2447,cap3,-63,268,111
1,2452,cap3,-72,268,111
1,2452,cap3,-68,268,111
1,2452,cap3,-67,268,111
1,2452,cap3,-64,268,111
1,0,cap2,100,268,111
1,2447,cap3,-67,271,111
1,2447,cap3,-65,271,111
1,2447,cap3,-64,271,111
1,2447,cap3,-62,271,111
1,2452,cap3,-69,271,111
1,2452,cap3,-68,271,111
1,2452,cap3,-67,271,111
1,2452,cap3,-66,271,111
1,0,cap2,100,271,111
1,0,cap1,100,271,111
1,2442,cap1,-88,274,111
1,2442,cap3,-67,274,111
1,2442,cap3,-64,274,111
1,2447,cap3,-69,274,111
1,2447,cap3,-67,274,111
1,2447,cap3,-66,274,111
1,2447,cap3,-65,274,111
1,2447,cap3,-64,274,111
1,2457,cap3,-81,274,111
1,2457,cap3,-79,274,111
1,2457,cap3,-77,274,111
1,0,cap2,100,274,111
1,2427,cap1,-81,277,111
1,2432,cap1,-81,277,111
1,2432,cap3,-61,277,111
1,2432,cap3,-60,277,111
1,2437,cap3,-64,277,111
1,2437,cap3,-61,277,111
1,2442,cap3,-67,277,111
1,2442,cap3,-66,277,111
1,2442,cap3,-64,277,111
1,2447,cap3,-75,277,111
1,0,cap2,100,277,111
1,2447,cap3,-69,280,111
1,2447,cap3,-65,280,111
1,2447,cap3,-62,280,111
1,2452,cap3,-70,280,111
1,2452,cap3,-67,280,111
1,2457,cap3,-86,280,111
1,0,cap2,100,280,111
1,0,cap1,100,280,111
1,2442,cap1,-80,283,111
1,2442,cap3,-69,283,111
1,2442,cap3,-64,283,111
1,2447,cap1,-83,283,111
1,2447,cap3,-65,283,111
1,2447,cap3,-64,283,111
1,2447,cap3,-63,283,111
1,2447,cap3,-60,283,111
1,2457,cap3,-85,283,111
1,0,cap2,100,283,111
1,2442,cap3,-63,286,111
1,2442,cap3,-62,286,111
1,2447,cap3,-63,286,111
1,2452,cap3,-64,286,111
1,2452,cap3,-63,286,111
1,2457,cap3,-82,286,111
1,2457,cap3,-77,286,111
1,2457,cap3,-74,286,111
1,0,cap2,100,286,111
1,0,cap1,100,286,111
1,2442,cap3,-71,289,111
1,2442,cap3,-69,289,111
1,2447,cap3,-70,289,111
1,2447,cap3,-69,289,111
1,2447,cap3,-68,289,111
1,2447,cap3,-67,289,111
1,2452,cap3,-72,289,111
1,2452,cap3,-71,289,111
1,2457,cap3,-80,289,111
1,0,cap2,100,289,111
1,0,cap1,100,289,111
1,2412,cap2,-98,292,111
1,2412,cap3,-53,292,111
1,2417,cap1,-77,292,111
1,2417,cap1,-76,292,111
1,2417,cap1,-75,292,111
1,2417,cap1,-74,292,111
1,2427,cap3,-78,292,111
1,2427,cap3,-68,292,111
1,2427,cap3,-67,292,111
1,2427,cap3,-66,292,111
1,2427,cap3,-65,292,111
1,2427,cap3,-64,292,111
1,2412,cap1,-79,295,111
1,2412,cap3,-66,295,111
1,2412,cap3,-65,295,111
1,2417,cap1,-79,295,111
1,2417,cap1,-78,295,111
1,2417,cap3,-69,295,111
1,2417,cap3,-64,295,111
1,2417,cap3,-62,295,111
1,2417,cap3,-61,295,111
1,2417,cap3,-58,295,111
1,2422,cap3,-67,295,111
1,2422,cap3,-65,295,111
1,0,cap2,100,295,111
1,2412,cap3,-60,298,111
1,2417,cap1,-83,298,111
1,2417,cap3,-52,298,111
1,2427,cap3,-78,298,111
1,2427,cap3,-74,298,111
1,2427,cap3,-71,298,111
1,2427,cap3,-70,298,111
1,2427,cap3,-67,298,111
1,2427,cap3,-66,298,111
1,2427,cap3,-65,298,111
1,2427,cap3,-61,298,111
1,0,cap2,100,298,111
1,2412,cap3,-66,301,111
1,2412,cap3,-65,301,111
1,2417,cap3,-67,301,111
1,2417,cap3,-64,301,111
1,2417,cap3,-62,301,111
1,2427,cap3,-80,301,111
1,2427,cap3,-78,301,111
1,2427,cap3,-77,301,111
1,2427,cap3,-74,301,111
1,0,cap2,100,301,111
1,0,cap1,100,301,111
1,2412,cap3,-69,304,111
1,2412,cap3,-67,304,111
1,2412,cap3,-61,304,111
1,2417,cap1,-86,304,111
1,2417,cap3,-66,304,111
1,2417,cap3,-62,304,111
1,2422,cap1,-85,304,111
1,2427,cap3,-81,304,111
1,2427,cap3,-80,304,111
1,2427,cap3,-79,304,111
1,2427,cap3,-77,304,111
1,2427,cap3,-75,304,111
1,0,cap2,100,304,111
1,2412,cap1,-78,307,111
1,2412,cap3,-60,307,111
1,2412,cap3,-55,307,111
1,2417,cap1,-82,307,111
1,2417,cap3,-51,307,111
1,2422,cap3,-56,307,111
1,2427,cap3,-75,307,111
1,2427,cap3,-74,307,111
1,2427,cap3,-72,307,111
1,2427,cap3,-63,307,111
1,0,cap2,100,307,111
1,2412,cap3,-57,310,111
1,2422,cap3,-57,310,111
1,2427,cap3,-78,310,111
1,2427,cap3,-75,310,111
1,2427,cap3,-72,310,111
1,2427,cap3,-70,310,111
1,2427,cap3,-68,310,111
1,2427,cap3,-65,310,111
1,0,cap2,100,310,111
1,0,cap1,100,310,111
1,2412,cap3,-65,313,111
1,2417,cap3,-71,313,111
1,2417,cap3,-67,313,111
1,2417,cap3,-63,313,111
1,2417,cap3,-62,313,111
1,2417,cap3,-59,313,111
1,2422,cap3,-68,313,111
1,2422,cap3,-66,313,111
1,2427,cap3,-81,313,111
1,0,cap2,100,313,111
1,0,cap1,100,313,111
1,2412,cap3,-55,316,111
1,2417,cap3,-55,316,111
1,2417,cap3,-49,316,111
1,2417,cap3,-48,316,111
1,2427,cap3,-64,316,111
1,2427,cap3,-63,316,111
1,2427,cap3,-62,316,111
1,0,cap2,100,316,111
1,0,cap1,100,316,111
1,2412,cap3,-51,319,111
1,2412,cap3,-50,319,111
1,2417,cap3,-51,319,111
1,2417,cap3,-50,319,111
1,2417,cap3,-46,319,111
1,2427,cap3,-74,319,111
1,2427,cap3,-68,319,111
1,2427,cap3,-66,319,111
1,2427,cap3,-64,319,111
1,2427,cap3,-61,319,111
1,2427,cap3,-60,319,111
1,2427,cap3,-59,319,111
1,2427,cap3,-58,319,111
1,0,cap2,100,319,111
1,0,cap1,100,319,111
1,2412,cap3,-61,322,111
1,2417,cap1,-81,322,111
1,2417,cap1,-77,322,111
1,2417,cap1,-76,322,111
1,2417,cap1,-75,322,111
1,2417,cap3,-59,322,111
1,2417,cap3,-57,322,111
1,2422,cap3,-68,322,111
1,2422,cap3,-64,322,111
1,2422,cap3,-63,322,111
1,2422,cap3,-62,322,111
1,2422,cap3,-61,322,111
1,2427,cap3,-79,322,111
1,0,cap2,100,322,111
1,2412,cap3,-65,325,111
1,2412,cap3,-64,325,111
1,2412,cap3,-63,325,111
1,2417,cap1,-82,325,111
1,2417,cap3,-64,325,111
1,2417,cap3,-62,325,111
1,2417,cap3,-59,325,111
1,2417,cap3,-57,325,111
1,2427,cap3,-81,325,111
1,2427,cap3,-80,325,111
1,0,cap2,100,325,111
1,2412,cap1,-75,328,111
1,2412,cap3,-58,328,111
1,2412,cap3,-57,328,111
1,2412,cap3,-56,328,111
1,2417,cap1,-85,328,111
1,2417,cap1,-75,328,111
1,2417,cap3,-55,328,111
1,2417,cap3,-53,328,111
1,2422,cap3,-56,328,111
1,2427,cap3,-80,328,111
1,2427,cap3,-66,328,111
1,2427,cap3,-65,328,111
1,2427,cap3,-64,328,111
1,0,cap2,100,328,111
1,2412,cap1,-82,331,111
1,2412,cap3,-62,331,111
1,2412,cap3,-59,331,111
1,2412,cap3,-58,331,111
1,2417,cap1,-88,331,111
1,2417,cap1,-81,331,111
1,2417,cap1,-80,331,111
1,2417,cap1,-79,331,111
1,2417,cap1,-75,331,111
1,2417,cap3,-60,331,111
1,2417,cap3,-57,331,111
1,2417,cap3,-55,331,111
1,2417,cap3,-54,331,111
1,2422,cap1,-75,331,111
1,2427,cap3,-83,331,111
1,2427,cap3,-80,331,111
1,2427,cap3,-74,331,111
1,2427,cap3,-66,331,111
1,2427,cap3,-64,331,111
1,0,cap2,100,331,111
1,2412,cap2,-92,334,111
1,2417,cap3,-49,334,111
1,2422,cap1,-88,334,111
1,2422,cap3,-57,334,111
1,2427,cap3,-85,334,111
1,2427,cap3,-78,334,111
1,2427,cap3,-70,334,111
1,2427,cap3,-69,334,111
1,2427,cap3,-67,334,111
1,2427,cap3,-66,334,111
1,2427,cap3,-65,334,111
1,2427,cap3,-64,334,111
1,2417,cap3,-70,337,111
1,2417,cap3,-65,337,111
1,2422,cap3,-78,337,111
1,2422,cap3,-75,337,111
1,2422,cap3,-68,337,111
1,2427,cap3,-83,337,111
1,2427,cap3,-80,337,111
1,2427,cap3,-79,337,111
1,2427,cap3,-77,337,111
1,2427,cap3,-75,337,111
1,0,cap2,100,337,111
1,0,cap1,100,337,111
1,2412,cap3,-54,340,111
1,2412,cap3,-53,340,111
1,2417,cap1,-77,340,111
1,2417,cap1,-75,340,111
1,2417,cap3,-54,340,111
1,2417,cap3,-50,340,111
1,2417,cap3,-45,340,111
1,2422,cap1,-84,340,111
1,2427,cap3,-72,340,111
1,2427,cap3,-66,340,111
1,2427,cap3,-63,340,111
1,2427,cap3,-62,340,111
1,2427,cap3,-61,340,111
1,2427,cap3,-60,340,111
1,2427,cap3,-59,340,111
1,0,cap2,100,340,111
1,2412,cap2,-95,343,111
1,2412,cap2,-94,343,111
1,2412,cap2,-91,343,111
1,2412,cap3,-53,343,111
1,2417,cap1,-78,343,111
1,2417,cap3,-58,343,111
1,2417,cap3,-52,343,111
1,2417,cap3,-49,343,111
1,2422,cap3,-53,343,111
1,2427,cap3,-75,343,111
1,2427,cap3,-70,343,111
1,2427,cap3,-69,343,111
1,2427,cap3,-68,343,111
1,2427,cap3,-66,343,111
1,2427,cap3,-63,343,111
1,2427,cap3,-62,343,111
1,2412,cap3,-55,346,111
1,2412,cap3,-54,346,111
1,2417,cap1,-71,346,111
1,2417,cap3,-49,346,111
1,2422,cap1,-82,346,111
1,2422,cap1,-77,346,111
1,2422,cap1,-72,346,111
1,2422,cap3,-52,346,111
1,2427,cap3,-80,346,111
1,2427,cap3,-77,346,111
1,2427,cap3,-68,346,111
1,2427,cap3,-63,346,111
1,0,cap2,100,346,111
1,2412,cap1,-84,349,111
1,2412,cap1,-81,349,111
1,2412,cap3,-54,349,111
1,2417,cap3,-52,349,111
1,2422,cap3,-60,349,111
1,2427,cap3,-67,349,111
1,2427,cap3,-65,349,111
1,2427,cap3,-64,349,111
1,2427,cap3,-63,349,111
1,2427,cap3,-62,349,111
1,2427,cap3,-60,349,111
1,2427,cap3,-56,349,111
1,0,cap2,100,349,111
1,2422,cap3,-60,352,111
1,2422,cap3,-57,352,111
1,2422,cap3,-56,352,111
1,2422,cap3,-49,352,111
1,2427,cap3,-82,352,111
1,2427,cap3,-74,352,111
1,2427,cap3,-64,352,111
1,0,cap2,100,352,111
1,0,cap1,100,352,111
1,2432,cap1,-92,355,111
1,2432,cap1,-83,355,111
1,2432,cap1,-82,355,111
1,2432,cap1,-81,355,111
1,2432,cap3,-45,355,111
1,2437,cap1,-81,355,111
1,2437,cap1,-80,355,111
1,2437,cap1,-79,355,111
1,2437,cap2,-89,355,111
1,2437,cap3,-50,355,111
1,2437,cap3,-47,355,111
1,2442,cap1,-84,355,111
1,2442,cap3,-51,355,111
1,2442,cap3,-50,355,111
1,2447,cap3,-65,355,111
1,2447,cap3,-64,355,111
1,2417,cap3,-66,358,111
1,2427,cap1,-77,358,111
1,2427,cap3,-42,358,111
1,2432,cap1,-87,358,111
1,2432,cap1,-82,358,111
1,2432,cap2,-81,358,111
1,2437,cap3,-46,358,111
1,2447,cap3,-64,358,111
1,2447,cap3,-59,358,111
1,2447,cap3,-58,358,111
1,2432,cap1,-77,361,111
1,2432,cap3,-52,361,111
1,2437,cap3,-54,361,111
1,2437,cap3,-53,361,111
1,2437,cap3,-52,361,111
1,2442,cap3,-59,361,111
1,2442,cap3,-58,361,111
1,2442,cap3,-57,361,111
1,2442,cap3,-55,361,111
1,2447,cap3,-72,361,111
1,2447,cap3,-71,361,111
1,2447,cap3,-70,361,111
1,0,cap2,100,361,111
1,2432,cap1,-84,364,111
1,2432,cap2,-84,364,111
1,2432,cap3,-43,364,111
1,2437,cap3,-53,364,111
1,2437,cap3,-45,364,111
1,2447,cap3,-60,364,111
1,2452,cap3,-77,364,111
1,2452,cap3,-76,364,111
1,2412,cap3,-67,367,111
1,2432,cap1,-80,367,111
1,2437,cap3,-40,367,111
1,2437,cap3,-39,367,111
1,2447,cap3,-56,367,111
1,0,cap2,100,367,111
1,2427,cap1,-82,370,111
1,2427,cap1,-77,370,111
1,2432,cap1,-90,370,111
1,2432,cap1,-89,370,111
1,2432,cap1,-85,370,111
1,2432,cap2,-93,370,111
1,2432,cap2,-90,370,111
1,2432,cap2,-89,370,111
1,2432,cap2,-87,370,111
1,2432,cap2,-86,370,111
1,2432,cap2,-85,370,111
1,2432,cap2,-81,370,111
1,2432,cap3,-39,370,111
1,2437,cap1,-85,370,111
1,2437,cap1,-84,370,111
1,2437,cap1,-83,370,111
1,2437,cap3,-42,370,111
1,2437,cap3,-40,370,111
1,2447,cap3,-58,370,111
1,2447,cap3,-57,370,111
1,2452,cap3,-73,370,111
1,2427,cap2,-88,373,111
1,2427,cap2,-83,373,111
1,2432,cap1,-80,373,111
1,2432,cap2,-91,373,111
1,2432,cap2,-90,373,111
1,2432,cap2,-87,373,111
1,2432,cap2,-86,373,111
1,2432,cap2,-85,373,111
1,2437,cap1,-80,373,111
1,2437,cap1,-79,373,111
1,2437,cap1,-78,373,111
1,2437,cap1,-77,373,111
1,2437,cap1,-76,373,111
1,2437,cap3,-50,373,111
1,2442,cap1,-83,373,111
1,2442,cap1,-82,373,111
1,2442,cap3,-54,373,111
1,2447,cap3,-69,373,111
1,2447,cap3,-68,373,111
1,2447,cap3,-67,373,111
1,2447,cap3,-62,373,111
1,2432,cap1,-91,376,111
1,2432,cap1,-89,376,111
1,2432,cap1,-88,376,111
1,2432,cap1,-86,376,111
1,2432,cap1,-85,376,111
1,2432,cap1,-84,376,111
1,2432,cap1,-83,376,111
1,2432,cap1,-82,376,111
1,2432,cap1,-81,376,111
1,2432,cap2,-87,376,111
1,2432,cap2,-86,376,111
1,2432,cap2,-84,376,111
1,2432,cap2,-83,376,111
1,2437,cap1,-83,376,111
1,2437,cap3,-46,376,111
1,2447,cap3,-65,376,111
1,2447,cap3,-64,376,111
1,2447,cap3,-63,376,111
1,2447,cap3,-62,376,111
2,2447,cap2,-71,1,214
2,2452,cap1,-78,1,214
2,2457,cap1,-82,1,214
2,2457,cap1,-72,1,214
2,2462,cap1,-82,1,214
2,2462,cap1,-81,1,214
2,2462,cap1,-78,1,214
2,2462,cap1,-77,1,214
2,2462,cap1,-72,1,214
2,2462,cap2,-70,1,214
2,2462,cap2,-66,1,214
2,2462,cap2,-62,1,214
2,2462,cap2,-61,1,214
2,2462,cap2,-58,1,214
2,2462,cap2,-57,1,214
2,2462,cap2,-56,1,214
2,0,cap3,100,1,214
2,2457,cap1,-85,4,214
2,2457,cap2,-54,4,214
2,2462,cap1,-90,4,214
2,2462,cap1,-83,4,214
2,2462,cap1,-80,4,214
2,2462,cap2,-60,4,214
2,2462,cap2,-57,4,214
2,2462,cap2,-56,4,214
2,0,cap3,100,4,214
2,2457,cap1,-80,7,214
2,2457,cap1,-78,7,214
2,2457,cap2,-51,7,214
2,2462,cap1,-82,7,214
2,2462,cap1,-79,7,214
2,2462,cap1,-78,7,214
2,2462,cap2,-60,7,214
2,2462,cap2,-57,7,214
2,2462,cap2,-53,7,214
2,2462,cap2,-46,7,214
2,0,cap3,100,7,214
2,2457,cap2,-67,10,214
2,2462,cap1,-79,10,214
2,2462,cap2,-71,10,214
2,2462,cap2,-69,10,214
2,2462,cap2,-66,10,214
2,2462,cap2,-63,10,214
2,0,cap3,100,10,214
2,2457,cap2,-61,13,214
2,2457,cap2,-59,13,214
2,2462,cap1,-81,13,214
2,2462,cap1,-80,13,214
2,2462,cap1,-77,13,214
2,2462,cap1,-76,13,214
2,2462,cap1,-75,13,214
2,2462,cap2,-64,13,214
2,2462,cap2,-57,13,214
2,2462,cap2,-56,13,214
2,0,cap3,100,13,214
2,2457,cap2,-55,16,214
2,2462,cap1,-87,16,214
2,2462,cap1,-86,16,214
2,2462,cap1,-85,16,214
2,2462,cap1,-84,16,214
2,2462,cap1,-83,16,214
2,2462,cap1,-79,16,214
2,2462,cap2,-64,16,214
2,2462,cap2,-52,16,214
2,2462,cap2,-48,16,214
2,2462,cap2,-44,16,214
2,0,cap3,100,16,214
2,2412,cap1,-82,19,214
2,2412,cap2,-72,19,214
2,2417,cap2,-67,19,214
2,2417,cap2,-65,19,214
2,2417,cap2,-62,19,214
2,2422,cap2,-69,19,214
2,0,cap3,100,19,214
2,2452,cap2,-54,22,214
2,2457,cap2,-63,22,214
2,2457,cap2,-46,22,214
2,2462,cap1,-87,22,214
2,2462,cap2,-59,22,214
2,2462,cap2,-53,22,214
2,2462,cap2,-52,22,214
2,0,cap3,100,22,214
2,2457,cap1,-84,25,214
2,2462,cap1,-93,25,214
2,2462,cap1,-89,25,214
2,2462,cap1,-88,25,214
2,2462,cap1,-82,25,214
2,2462,cap1,-81,25,214
2,2462,cap2,-64,25,214
2,2462,cap2,-53,25,214
2,2462,cap2,-48,25,214
2,2462,cap2,-44,25,214
2,0,cap3,100,25,214
2,2457,cap2,-61,28,214
2,2462,cap1,-87,28,214
2,2462,cap1,-79,28,214
2,2462,cap1,-75,28,214
2,2462,cap2,-66,28,214
2,2462,cap2,-64,28,214
2,0,cap3,100,28,214
2,2462,cap1,-78,31,214
2,2462,cap1,-76,31,214
2,2462,cap1,-70,31,214
2,2462,cap2,-60,31,214
2,2462,cap2,-55,31,214
2,2462,cap2,-51,31,214
2,0,cap3,100,31,214
2,2457,cap1,-84,34,214
2,2457,cap1,-79,34,214
2,2457,cap2,-50,34,214
2,2462,cap1,-80,34,214
2,2462,cap1,-79,34,214
2,2462,cap2,-55,34,214
2,2462,cap2,-45,34,214
2,2462,cap2,-44,34,214
2,0,cap3,100,34,214
2,2457,cap2,-65,37,214
2,2462,cap1,-90,37,214
2,2462,cap1,-84,37,214
2,2462,cap1,-80,37,214
2,2462,cap1,-77,37,214
2,2462,cap1,-74,37,214
2,2462,cap2,-72,37,214
2,2462,cap2,-67,37,214
2,2462,cap2,-63,37,214
2,2462,cap2,-59,37,214
2,0,cap3,100,37,214
2,2462,cap1,-84,40,214
2,2462,cap1,-79,40,214
2,2462,cap1,-77,40,214
2,2462,cap1,-76,40,214
2,2462,cap2,-65,40,214
2,2462,cap2,-62,40,214
2,2462,cap2,-52,40,214
2,2462,cap2,-51,40,214
2,0,cap3,100,40,214
2,2457,cap2,-69,43,214
2,2462,cap1,-88,43,214
2,2462,cap1,-85,43,214
2,2462,cap1,-83,43,214
2,2462,cap1,-80,43,214
2,2462,cap1,-79,43,214
2,2462,cap2,-68,43,214
2,2462,cap2,-58,43,214
2,2462,cap2,-57,43,214
2,2462,cap2,-53,43,214
2,2462,cap2,-51,43,214
2,0,cap3,100,43,214
2,2462,cap1,-80,46,214
2,2462,cap1,-76,46,214
2,2462,cap1,-74,46,214
2,2462,cap2,-69,46,214
2,2462,cap2,-67,46,214
2,2462,cap2,-65,46,214
2,2462,cap2,-64,46,214
2,2462,cap2,-63,46,214
2,2462,cap2,-60,46,214
2,0,cap3,100,46,214
2,2457,cap2,-58,49,214
2,2457,cap2,-56,49,214
2,2462,cap1,-85,49,214
2,2462,cap1,-84,49,214
2,2462,cap1,-81,49,214
2,2462,cap1,-79,49,214
2,2462,cap1,-78,49,214
2,2462,cap1,-69,49,214
2,2462,cap2,-58,49,214
2,2462,cap2,-57,49,214
2,0,cap3,100,49,214
2,2457,cap2,-72,52,214
2,2457,cap2,-69,52,214
2,2462,cap1,-90,52,214
2,2462,cap1,-87,52,214
2,2462,cap2,-70,52,214
2,0,cap3,100,52,214
2,2412,cap1,-84,55,214
2,2412,cap2,-75,55,214
2,2412,cap2,-68,55,214
2,2412,cap2,-65,55,214
2,2417,cap1,-85,55,214
2,2417,cap1,-83,55,214
2,2417,cap2,-68,55,214
2,2417,cap2,-66,55,214
2,2417,cap2,-64,55,214
2,2417,cap2,-63,55,214
2,0,cap3,100,55,214
2,2412,cap1,-79,58,214
2,2412,cap2,-66,58,214
2,2412,cap2,-60,58,214
2,2417,cap1,-88,58,214
2,2417,cap1,-77,58,214
2,2417,cap1,-74,58,214
2,2417,cap1,-72,58,214
2,2417,cap1,-71,58,214
2,2417,cap2,-70,58,214
2,2417,cap2,-64,58,214
2,2417,cap2,-61,58,214
2,2417,cap2,-52,58,214
2,2422,cap1,-82,58,214
2,2422,cap2,-60,58,214
2,0,cap3,100,58,214
2,2457,cap1,-77,61,214
2,2462,cap1,-88,61,214
2,2462,cap1,-83,61,214
2,2462,cap1,-80,61,214
2,2462,cap1,-79,61,214
2,2462,cap1,-76,61,214
2,2462,cap1,-71,61,214
2,2462,cap2,-57,61,214
2,2462,cap2,-55,61,214
2,2462,cap2,-46,61,214
2,0,cap3,100,61,214
2,2412,cap1,-80,64,214
2,2412,cap2,-74,64,214
2,2412,cap2,-73,64,214
2,2412,cap2,-71,64,214
2,2417,cap1,-85,64,214
2,2417,cap1,-78,64,214
2,2417,cap2,-69,64,214
2,2417,cap2,-67,64,214
2,2417,cap2,-66,64,214
2,2417,cap2,-61,64,214
2,2417,cap2,-59,64,214
2,2422,cap2,-77,64,214
2,0,cap3,100,64,214
2,2412,cap1,-75,67,214
2,2412,cap2,-60,67,214
2,2417,cap1,-79,67,214
2,2417,cap1,-75,67,214
2,2417,cap2,-59,67,214
2,2417,cap2,-56,67,214
2,2417,cap2,-53,67,214
2,0,cap3,100,67,214
2,2457,cap1,-76,70,214
2,2457,cap2,-51,70,214
2,2462,cap1,-89,70,214
2,2462,cap1,-88,70,214
2,2462,cap1,-79,70,214
2,2462,cap1,-78,70,214
2,2462,cap1,-77,70,214
2,2462,cap2,-51,70,214
2,2462,cap2,-49,70,214
2,2462,cap2,-47,70,214
2,2462,cap2,-46,70,214
2,2462,cap2,-45,70,214
2,2462,cap3,-95,70,214
2,2412,cap1,-83,73,214
2,2412,cap1,-78,73,214
2,2412,cap2,-62,73,214
2,2417,cap1,-83,73,214
2,2417,cap1,-77,73,214
2,2417,cap2,-68,73,214
2,2417,cap2,-61,73,214
2,2417,cap2,-60,73,214
2,2417,cap2,-58,73,214
2,2422,cap1,-78,73,214
2,2422,cap2,-65,73,214
2,2422,cap2,-64,73,214
2,0,cap3,100,73,214
2,2417,cap1,-75,76,214
2,2417,cap1,-71,76,214
2,2417,cap1,-69,76,214
2,2417,cap2,-68,76,214
2,2417,cap2,-60,76,214
2,2417,cap2,-59,76,214
2,2422,cap1,-77,76,214
2,0,cap3,100,76,214
2,2457,cap2,-46,79,214
2,2462,cap1,-85,79,214
2,2462,cap1,-83,79,214
2,2462,cap1,-82,79,214
2,2462,cap1,-76,79,214
2,2462,cap2,-53,79,214
2,2462,cap2,-51,79,214
2,2462,cap2,-43,79,214
2,2462,cap3,-94,79,214
2,2457,cap2,-68,103,213
2,2457,cap2,-67,103,213
2,2457,cap2,-65,103,213
2,2457,cap3,-92,103,213
2,2462,cap1,-66,103,213
2,2462,cap1,-63,103,213
2,2462,cap1,-61,103,213
2,2462,cap1,-59,103,213
2,2462,cap1,-55,103,213
2,2462,cap2,-74,103,213
2,2462,cap2,-71,103,213
2,2462,cap2,-64,103,213
2,2462,cap3,-94,103,213
2,2457,cap2,-66,106,213
2,2457,cap2,-64,106,213
2,2457,cap2,-61,106,213
2,2457,cap2,-60,106,213
2,2462,cap1,-69,106,213
2,2462,cap1,-65,106,213
2,2462,cap1,-62,106,213
2,2462,cap1,-58,106,213
2,2462,cap2,-67,106,213
2,2462,cap3,-94,106,213
2,2462,cap3,-91,106,213
2,2462,cap3,-83,106,213
2,2457,cap1,-75,109,213
2,2457,cap1,-60,109,213
2,2457,cap2,-59,109,213
2,2462,cap1,-69,109,213
2,2462,cap1,-68,109,213
2,2462,cap1,-67,109,213
2,2462,cap1,-66,109,213
2,2462,cap1,-61,109,213
2,2462,cap2,-62,109,213
2,2462,cap2,-60,109,213
2,2462,cap2,-59,109,213
2,0,cap3,100,109,213
2,2437,cap2,-84,112,213
2,2442,cap1,-91,112,213
2,2442,cap1,-89,112,213
2,2442,cap2,-85,112,213
2,2442,cap3,-92,112,213
2,2442,cap3,-90,112,213
2,2452,cap2,-70,112,213
2,2457,cap2,-70,112,213
2,2457,cap2,-69,112,213
2,2457,cap2,-65,112,213
2,2462,cap1,-53,112,213
2,2462,cap1,-51,112,213
2,2462,cap2,-78,112,213
2,2462,cap2,-77,112,213
2,2462,cap2,-66,112,213
2,2457,cap1,-58,115,213
2,2457,cap1,-47,115,213
2,2457,cap2,-67,115,213
2,2457,cap2,-65,115,213
2,2457,cap3,-86,115,213
2,2462,cap1,-63,115,213
2,2462,cap1,-59,115,213
2,2462,cap1,-56,115,213
2,2462,cap1,-54,115,213
2,2462,cap1,-53,115,213
2,2462,cap1,-48,115,213
2,2462,cap2,-69,115,213
2,2462,cap2,-68,115,213
2,2462,cap2,-64,115,213
2,2462,cap3,-93,115,213
2,2462,cap3,-92,115,213
2,2457,cap1,-66,118,213
2,2457,cap2,-69,118,213
2,2457,cap2,-61,118,213
2,2457,cap2,-60,118,213
2,2457,cap2,-59,118,213
2,2462,cap1,-68,118,213
2,2462,cap1,-66,118,213
2,2462,cap1,-60,118,213
2,2462,cap1,-57,118,213
2,2462,cap1,-55,118,213
2,2462,cap2,-60,118,213
2,2462,cap2,-59,118,213
2,0,cap3,100,118,213
2,2442,cap1,-84,121,213
2,2442,cap1,-81,121,213
2,2442,cap1,-79,121,213
2,2442,cap2,-83,121,213
2,2442,cap3,-89,121,213
2,2447,cap2,-79,121,213
2,2457,cap2,-69,121,213
2,2457,cap2,-66,121,213
2,2457,cap3,-96,121,213
2,2462,cap1,-71,121,213
2,2462,cap1,-55,121,213
2,2462,cap2,-71,121,213
2,2462,cap2,-66,121,213
2,2462,cap2,-65,121,213
2,2462,cap3,-95,121,213
2,2462,cap3,-93,121,213
2,2462,cap3,-88,121,213
2,2442,cap1,-94,124,213
2,2457,cap2,-71,124,213
2,2457,cap2,-66,124,213
2,2457,cap3,-89,124,213
2,2462,cap2,-65,124,213
2,2462,cap2,-64,124,213
2,2462,cap2,-62,124,213
2,2462,cap3,-92,124,213
2,2462,cap3,-89,124,213
2,2462,cap3,-88,124,213
2,2447,cap1,-73,127,213
2,2457,cap1,-56,127,213
2,2462,cap1,-64,127,213
2,2462,cap2,-62,127,213
2,2462,cap2,-61,127,213
2,2462,cap2,-60,127,213
2,2462,cap2,-59,127,213
2,2462,cap2,-57,127,213
2,2462,cap2,-56,127,213
2,2462,cap3,-98,127,213
2,2462,cap3,-93,127,213
2,2462,cap3,-92,127,213
2,2452,cap2,-76,130,213
2,2457,cap1,-53,130,213
2,2457,cap2,-62,130,213
2,2457,cap3,-86,130,213
2,2462,cap1,-61,130,213
2,2462,cap1,-56,130,213
2,2462,cap1,-54,130,213
2,2462,cap1,-52,130,213
2,2462,cap1,-46,130,213
2,2462,cap1,-45,130,213
2,2462,cap2,-68,130,213
2,2462,cap2,-60,130,213
2,2462,cap2,-56,130,213
2,2462,cap2,-55,130,213
2,2462,cap3,-102,130,213
2,2462,cap3,-95,130,213
2,2462,cap3,-91,130,213
2,2462,cap3,-88,130,213
2,2457,cap1,-63,133,213
2,2457,cap1,-62,133,213
2,2457,cap2,-72,133,213
2,2462,cap1,-67,133,213
2,2462,cap1,-65,133,213
2,2462,cap1,-63,133,213
2,2462,cap1,-62,133,213
2,2462,cap1,-60,133,213
2,2462,cap2,-76,133,213
2,2462,cap2,-75,133,213
2,2462,cap2,-69,133,213
2,2462,cap2,-67,133,213
2,2462,cap2,-66,133,213
2,2462,cap3,-91,133,213
2,2457,cap1,-53,136,213
2,2457,cap2,-67,136,213
2,2457,cap2,-63,136,213
2,2457,cap2,-54,136,213
2,2457,cap2,-53,136,213
2,2462,cap1,-66,136,213
2,2462,cap1,-63,136,213
2,2462,cap1,-57,136,213
2,2462,cap1,-56,136,213
2,2462,cap1,-53,136,213
2,2462,cap2,-71,136,213
2,2462,cap2,-68,136,213
2,2462,cap2,-59,136,213
2,2462,cap2,-57,136,213
2,2462,cap2,-54,136,213
2,2462,cap3,-97,136,213
2,2462,cap3,-95,136,213
2,2462,cap3,-93,136,213
2,2462,cap3,-92,136,213
2,2462,cap3,-90,136,213
2,2462,cap3,-88,136,213
2,2457,cap2,-66,139,213
2,2457,cap2,-63,139,213
2,2457,cap2,-60,139,213
2,2462,cap1,-56,139,213
2,2462,cap1,-50,139,213
2,2462,cap1,-49,139,213
2,2462,cap1,-45,139,213
2,2462,cap2,-74,139,213
2,2462,cap2,-68,139,213
2,2462,cap2,-62,139,213
2,2462,cap2,-57,139,213
2,2462,cap3,-97,139,213
2,2462,cap3,-96,139,213
2,2462,cap3,-92,139,213
2,2462,cap3,-90,139,213
2,2462,cap3,-89,139,213
2,2462,cap3,-84,139,213
2,2457,cap2,-72,142,213
2,2457,cap2,-69,142,213
2,2462,cap1,-60,142,213
2,2462,cap1,-59,142,213
2,2462,cap1,-55,142,213
2,2462,cap2,-81,142,213
2,2462,cap2,-73,142,213
2,2462,cap2,-69,142,213
2,2462,cap2,-68,142,213
2,2462,cap2,-67,142,213
2,2462,cap3,-104,142,213
2,2462,cap3,-96,142,213
2,2462,cap3,-94,142,213
2,2462,cap3,-92,142,213
2,2462,cap3,-86,142,213
2,2452,cap2,-68,145,213
2,2457,cap1,-68,145,213
2,2457,cap1,-67,145,213
2,2457,cap2,-70,145,213
2,2457,cap2,-65,145,213
2,2457,cap3,-88,145,213
2,2462,cap1,-72,145,213
2,2462,cap1,-65,145,213
2,2462,cap1,-62,145,213
2,2462,cap1,-60,145,213
2,2462,cap1,-56,145,213
2,2462,cap2,-78,145,213
2,2462,cap2,-66,145,213
2,2462,cap2,-63,145,213
2,2462,cap2,-62,145,213
2,2462,cap2,-61,145,213
2,2462,cap3,-95,145,213
2,2462,cap3,-92,145,213
2,2462,cap3,-89,145,213
2,2462,cap3,-87,145,213
2,2452,cap2,-65,148,213
2,2457,cap2,-69,148,213
2,2457,cap2,-64,148,213
2,2457,cap2,-58,148,213
2,2462,cap1,-51,148,213
2,2462,cap1,-49,148,213
2,2462,cap1,-48,148,213
2,2462,cap2,-62,148,213
2,2462,cap2,-59,148,213
2,2462,cap3,-96,148,213
2,2462,cap3,-88,148,213
2,2462,cap3,-87,148,213
2,2462,cap3,-86,148,213
2,2457,cap2,-70,151,213
2,2457,cap2,-67,151,213
2,2457,cap3,-88,151,213
2,2462,cap1,-69,151,213
2,2462,cap1,-68,151,213
2,2462,cap1,-67,151,213
2,2462,cap1,-62,151,213
2,2462,cap1,-61,151,213
2,2462,cap2,-80,151,213
2,2462,cap2,-76,151,213
2,2462,cap2,-75,151,213
2,2462,cap2,-73,151,213
2,2462,cap2,-72,151,213
2,2462,cap3,-107,151,213
2,2462,cap3,-91,151,213
2,2462,cap3,-88,151,213
2,2452,cap2,-76,154,213
2,2457,cap1,-52,154,213
2,2457,cap1,-48,154,213
2,2457,cap2,-70,154,213
2,2457,cap2,-68,154,213
2,2457,cap2,-65,154,213
2,2457,cap2,-64,154,213
2,2457,cap2,-60,154,213
2,2457,cap3,-86,154,213
2,2457,cap3,-83,154,213
2,2457,cap3,-80,154,213
2,2462,cap1,-58,154,213
2,2462,cap1,-57,154,213
2,2462,cap1,-50,154,213
2,2462,cap1,-48,154,213
2,2462,cap1,-47,154,213
2,2462,cap1,-45,154,213
2,2462,cap1,-43,154,213
2,2462,cap2,-68,154,213
2,2462,cap2,-64,154,213
2,2462,cap3,-87,154,213
2,2462,cap3,-84,154,213
2,2462,cap3,-79,154,213
2,2462,cap3,-78,154,213
2,2457,cap1,-66,157,213
2,2457,cap1,-59,157,213
2,2457,cap2,-73,157,213
2,2457,cap2,-72,157,213
2,2457,cap2,-67,157,213
2,2457,cap2,-66,157,213
2,2457,cap3,-81,157,213
2,2457,cap3,-77,157,213
2,2462,cap1,-78,157,213
2,2462,cap1,-65,157,213
2,2462,cap1,-64,157,213
2,2462,cap2,-76,157,213
2,2462,cap2,-74,157,213
2,2462,cap2,-69,157,213
2,2462,cap3,-94,157,213
2,2462,cap3,-87,157,213
2,2462,cap3,-86,157,213
2,2462,cap3,-84,157,213
2,2457,cap1,-55,160,213
2,2457,cap2,-63,160,213
2,2457,cap3,-84,160,213
2,2462,cap1,-63,160,213
2,2462,cap1,-54,160,213
2,2462,cap1,-53,160,213
2,2462,cap1,-49,160,213
2,2462,cap2,-75,160,213
2,2462,cap2,-72,160,213
2,2462,cap2,-71,160,213
2,2462,cap2,-70,160,213
2,2462,cap3,-92,160,213
2,2462,cap3,-91,160,213
2,2462,cap3,-88,160,213
2,2462,cap3,-87,160,213
2,2462,cap3,-85,160,213
2,2457,cap2,-76,163,213
2,2457,cap2,-62,163,213
2,2457,cap3,-94,163,213
2,2462,cap1,-57,163,213
2,2462,cap1,-56,163,213
2,2462,cap1,-51,163,213
2,2462,cap2,-69,163,213
2,2462,cap2,-64,163,213
2,2462,cap3,-93,163,213
2,2462,cap3,-88,163,213
2,2462,cap3,-84,163,213
2,2457,cap1,-62,166,213
2,2457,cap1,-59,166,213
2,2457,cap2,-80,166,213
2,2457,cap3,-85,166,213
2,2457,cap3,-77,166,213
2,2457,cap3,-75,166,213
2,2462,cap1,-66,166,213
2,2462,cap1,-62,166,213
2,2462,cap1,-58,166,213
2,2462,cap2,-74,166,213
2,2462,cap2,-73,166,213
2,2462,cap2,-72,166,213
2,2462,cap2,-71,166,213
2,2462,cap2,-69,166,213
2,2462,cap2,-65,166,213
2,2462,cap3,-83,166,213
2,2462,cap3,-80,166,213
2,2462,cap3,-79,166,213
2,2462,cap3,-76,166,213
2,2447,cap1,-72,169,213
2,2457,cap1,-59,169,213
2,2457,cap2,-71,169,213
2,2457,cap3,-85,169,213
2,2457,cap3,-80,169,213
2,2462,cap1,-58,169,213
2,2462,cap1,-57,169,213
2,2462,cap1,-54,169,213
2,2462,cap2,-82,169,213
2,2462,cap2,-77,169,213
2,2462,cap2,-75,169,213
2,2462,cap2,-74,169,213
2,2462,cap2,-71,169,213
2,2462,cap3,-84,169,213
2,2462,cap3,-83,169,213
2,2432,cap3,-91,172,213
2,2432,cap3,-82,172,213
2,2437,cap1,-67,172,213
2,2437,cap2,-77,172,213
2,2437,cap3,-90,172,213
2,2437,cap3,-88,172,213
2,2442,cap1,-65,172,213
2,2442,cap1,-62,172,213
2,2442,cap2,-79,172,213
2,2442,cap2,-78,172,213
2,2442,cap2,-76,172,213
2,2442,cap2,-74,172,213
2,2442,cap3,-89,172,213
2,2447,cap1,-75,172,213
2,2427,cap2,-79,175,213
2,2437,cap2,-73,175,213
2,2437,cap2,-70,175,213
2,2437,cap3,-91,175,213
2,2437,cap3,-90,175,213
2,2437,cap3,-89,175,213
2,2437,cap3,-88,175,213
2,2442,cap2,-73,175,213
2,2442,cap2,-72,175,213
2,2447,cap1,-58,175,213
2,2447,cap2,-74,175,213
2,2452,cap1,-68,175,213
2,2432,cap2,-67,178,213
2,2432,cap3,-81,178,213
2,2432,cap3,-78,178,213
2,2437,cap3,-83,178,213
2,2437,cap3,-82,178,213
2,2437,cap3,-81,178,213
2,2442,cap1,-53,178,213
2,2442,cap2,-71,178,213
2,2442,cap2,-69,178,213
2,2442,cap3,-84,178,213
2,2442,cap3,-82,178,213
2,2447,cap1,-65,178,213
2,2447,cap1,-57,178,213
2,2432,cap2,-82,181,213
2,2432,cap2,-71,181,213
2,2437,cap2,-79,181,213
2,2437,cap2,-74,181,213
2,2437,cap3,-94,181,213
2,2437,cap3,-91,181,213
2,2437,cap3,-89,181,213
2,2437,cap3,-88,181,213
2,2437,cap3,-87,181,213
2,2437,cap3,-86,181,213
2,2442,cap1,-64,181,213
2,2442,cap1,-63,181,213
2,2442,cap1,-62,181,213
2,2442,cap2,-81,181,213
2,2442,cap2,-79,181,213
2,2447,cap1,-70,181,213
2,2447,cap1,-68,181,213
2,2437,cap2,-70,184,213
2,2437,cap2,-67,184,213
2,2437,cap3,-90,184,213
2,2437,cap3,-89,184,213
2,2437,cap3,-88,184,213
2,2437,cap3,-85,184,213
2,2442,cap1,-55,184,213
2,2442,cap1,-52,184,213
2,2442,cap2,-68,184,213
2,2442,cap2,-66,184,213
2,2442,cap3,-83,184,213
2,2442,cap3,-82,184,213
2,2447,cap1,-58,184,213
2,2447,cap2,-71,184,213
2,2452,cap1,-70,184,213
2,2437,cap1,-52,187,213
2,2437,cap2,-59,187,213
2,2437,cap3,-85,187,213
2,2437,cap3,-83,187,213
2,2437,cap3,-82,187,213
2,2442,cap1,-56,187,213
2,2442,cap1,-49,187,213
2,2447,cap3,-81,187,213
2,2452,cap2,-72,187,213
2,2452,cap2,-68,187,213
2,2447,cap3,-67,190,111
2,2452,cap1,-90,190,111
2,2452,cap1,-89,190,111
2,2452,cap1,-87,190,111
2,2452,cap2,-95,190,111
2,2452,cap3,-66,190,111
2,2457,cap3,-73,190,111
2,2457,cap3,-69,190,111
2,2457,cap3,-63,190,111
2,2457,cap3,-62,190,111
2,2462,cap3,-75,190,111
2,2462,cap3,-71,190,111
2,2447,cap3,-74,193,111
2,2447,cap3,-73,193,111
2,2452,cap3,-75,193,111
2,2452,cap3,-73,193,111
2,2457,cap3,-81,193,111
2,2457,cap3,-73,193,111
2,2457,cap3,-72,193,111
2,2457,cap3,-71,193,111
2,2457,cap3,-70,193,111
2,2457,cap3,-69,193,111
2,2457,cap3,-67,193,111
2,2462,cap3,-79,193,111
2,2462,cap3,-77,193,111
2,2462,cap3,-76,193,111
2,2462,cap3,-75,193,111
2,0,cap2,100,193,111
2,0,cap1,100,193,111
2,2442,cap3,-82,196,111
2,2447,cap3,-73,196,111
2,2452,cap3,-78,196,111
2,2452,cap3,-72,196,111
2,2457,cap3,-82,196,111
2,2457,cap3,-81,196,111
2,2457,cap3,-80,196,111
2,2457,cap3,-77,196,111
2,2457,cap3,-72,196,111
2,2462,cap3,-76,196,111
2,2462,cap3,-75,196,111
2,2462,cap3,-74,196,111
2,2462,cap3,-73,196,111
2,0,cap2,100,196,111
2,0,cap1,100,196,111
2,2452,cap1,-91,199,111
2,2452,cap3,-68,199,111
2,2457,cap3,-72,199,111
2,2457,cap3,-69,199,111
2,2457,cap3,-66,199,111
2,2457,cap3,-65,199,111
2,2457,cap3,-64,199,111
2,2457,cap3,-63,199,111
2,0,cap2,100,199,111
2,2442,cap3,-75,202,111
2,2452,cap1,-87,202,111
2,2452,cap2,-96,202,111
2,2452,cap2,-92,202,111
2,2452,cap3,-71,202,111
2,2457,cap1,-91,202,111
2,2457,cap3,-74,202,111
2,2457,cap3,-72,202,111
2,2457,cap3,-71,202,111
2,2457,cap3,-70,202,111
2,2457,cap3,-69,202,111
2,2457,cap3,-65,202,111
2,2462,cap3,-78,202,111
2,2462,cap3,-75,202,111
2,2462,cap3,-71,202,111
2,2437,cap3,-76,205,111
2,2447,cap3,-62,205,111
2,2447,cap3,-60,205,111
2,2452,cap1,-88,205,111
2,2452,cap1,-84,205,111
2,2452,cap1,-82,205,111
2,2452,cap3,-63,205,111
2,2457,cap3,-68,205,111
2,2457,cap3,-65,205,111
2,2457,cap3,-63,205,111
2,2457,cap3,-62,205,111
2,2457,cap3,-59,205,111
2,2462,cap3,-65,205,111
2,2462,cap3,-64,205,111
2,2462,cap3,-62,205,111
2,0,cap2,100,205,111
2,2447,cap3,-73,208,111
2,2447,cap3,-72,208,111
2,2452,cap3,-77,208,111
2,2452,cap3,-75,208,111
2,2452,cap3,-74,208,111
2,2457,cap3,-81,208,111
2,2457,cap3,-75,208,111
2,2457,cap3,-74,208,111
2,2457,cap3,-72,208,111
2,2457,cap3,-71,208,111
2,2457,cap3,-69,208,111
2,2462,cap3,-81,208,111
2,2462,cap3,-80,208,111
2,0,cap2,100,208,111
2,0,cap1,100,208,111
2,2447,cap3,-72,211,111
2,2452,cap1,-90,211,111
2,2452,cap1,-89,211,111
2,2452,cap3,-72,211,111
2,2452,cap3,-71,211,111
2,2452,cap3,-70,211,111
2,2457,cap3,-74,211,111
2,2457,cap3,-72,211,111
2,2457,cap3,-70,211,111
2,2457,cap3,-67,211,111
2,2462,cap3,-74,211,111
2,2462,cap3,-71,211,111
2,0,cap2,100,211,111
2,2412,cap3,-74,214,111
2,2417,cap3,-66,214,111
2,2417,cap3,-65,214,111
2,2417,cap3,-64,214,111
2,2417,cap3,-63,214,111
2,2417,cap3,-62,214,111
2,2422,cap3,-72,214,111
2,2422,cap3,-71,214,111
2,2422,cap3,-70,214,111
2,2422,cap3,-69,214,111
2,2422,cap3,-68,214,111
2,0,cap2,100,214,111
2,0,cap1,100,214,111
2,2412,cap3,-67,217,111
2,2412,cap3,-66,217,111
2,2417,cap3,-72,217,111
2,2417,cap3,-61,217,111
2,2422,cap3,-72,217,111
2,2422,cap3,-71,217,111
2,2422,cap3,-70,217,111
2,2422,cap3,-69,217,111
2,0,cap2,100,217,111
2,0,cap1,100,217,111
2,2412,cap1,-90,220,111
2,2412,cap1,-87,220,111
2,2412,cap1,-84,220,111
2,2417,cap1,-87,220,111
2,2417,cap1,-80,220,111
2,2417,cap1,-79,220,111
2,2417,cap3,-77,220,111
2,2417,cap3,-64,220,111
2,2417,cap3,-63,220,111
2,2417,cap3,-60,220,111
2,2422,cap3,-77,220,111
2,2422,cap3,-76,220,111
2,2422,cap3,-73,220,111
2,2422,cap3,-72,220,111
2,2422,cap3,-71,220,111
2,2422,cap3,-69,220,111
2,2422,cap3,-68,220,111
2,2422,cap3,-64,220,111
2,2427,cap3,-78,220,111
2,0,cap2,100,220,111
2,2412,cap1,-89,223,111
2,2412,cap3,-69,223,111
2,2412,cap3,-62,223,111
2,2417,cap3,-68,223,111
2,2417,cap3,-67,223,111
2,2422,cap3,-63,223,111
2,2427,cap3,-88,223,111
2,2427,cap3,-83,223,111
2,2427,cap3,-81,223,111
2,2427,cap3,-80,223,111
2,2427,cap3,-77,223,111
2,0,cap2,100,223,111
2,2412,cap1,-93,226,111
2,2412,cap3,-66,226,111
2,2412,cap3,-64,226,111
2,2412,cap3,-62,226,111
2,2417,cap3,-75,226,111
2,2417,cap3,-71,226,111
2,2417,cap3,-67,226,111
2,2417,cap3,-66,226,111
2,2417,cap3,-64,226,111
2,2417,cap3,-61,226,111
2,2417,cap3,-60,226,111
2,2422,cap3,-69,226,111
2,2427,cap3,-86,226,111
2,2427,cap3,-80,226,111
2,2427,cap3,-78,226,111
2,2427,cap3,-77,226,111
2,2427,cap3,-74,226,111
2,2427,cap3,-72,226,111
2,0,cap2,100,226,111
2,2412,cap1,-89,229,111
2,2412,cap1,-88,229,111
2,2412,cap1,-87,229,111
2,2412,cap1,-86,229,111
2,2412,cap1,-84,229,111
2,2412,cap3,-63,229,111
2,2412,cap3,-62,229,111
2,2417,cap1,-85,229,111
2,2417,cap1,-81,229,111
2,2417,cap1,-80,229,111
2,2417,cap3,-65,229,111
2,2417,cap3,-57,229,111
2,2422,cap3,-65,229,111
2,2422,cap3,-64,229,111
2,2427,cap3,-78,229,111
2,2427,cap3,-75,229,111
2,2427,cap3,-74,229,111
2,0,cap2,100,229,111
2,2412,cap3,-81,232,111
2,2412,cap3,-80,232,111
2,2417,cap3,-80,232,111
2,2417,cap3,-78,232,111
2,2417,cap3,-75,232,111
2,2422,cap3,-85,232,111
2,2422,cap3,-83,232,111
2,2422,cap3,-81,232,111
2,2422,cap3,-80,232,111
2,0,cap2,100,232,111
2,0,cap1,100,232,111
2,2412,cap3,-67,235,111
2,2417,cap3,-77,235,111
2,2417,cap3,-74,235,111
2,2417,cap3,-73,235,111
2,2417,cap3,-70,235,111
2,2417,cap3,-68,235,111
2,2417,cap3,-63,235,111
2,2427,cap3,-85,235,111
2,0,cap2,100,235,111
2,0,cap1,100,235,111
2,2412,cap1,-87,238,111
2,2417,cap3,-72,238,111
2,2417,cap3,-62,238,111
2,2417,cap3,-60,238,111
2,2417,cap3,-59,238,111
2,2417,cap3,-57,238,111
2,2422,cap3,-66,238,111
2,2422,cap3,-63,238,111
2,2422,cap3,-62,238,111
2,2427,cap3,-84,238,111
2,2427,cap3,-82,238,111
2,0,cap2,100,238,111
2,2412,cap1,-88,241,111
2,2412,cap1,-87,241,111
2,2412,cap1,-83,241,111
2,2412,cap3,-67,241,111
2,2417,cap3,-71,241,111
2,2422,cap3,-73,241,111
2,2427,cap3,-86,241,111
2,2427,cap3,-85,241,111
2,2427,cap3,-82,241,111
2,2427,cap3,-81,241,111
2,2427,cap3,-69,241,111
2,2427,cap3,-66,241,111
2,0,cap2,100,241,111
2,2412,cap1,-88,244,111
2,2417,cap3,-58,244,111
2,2422,cap3,-64,244,111
2,2422,cap3,-63,244,111
2,2422,cap3,-61,244,111
2,2422,cap3,-60,244,111
2,2427,cap3,-72,244,111
2,2427,cap3,-71,244,111
2,2427,cap3,-69,244,111
2,0,cap2,100,244,111
2,2412,cap1,-88,247,111
2,2412,cap1,-85,247,111
2,2412,cap3,-70,247,111
2,2412,cap3,-69,247,111
2,2417,cap1,-84,247,111
2,2417,cap3,-70,247,111
2,2417,cap3,-64,247,111
2,2417,cap3,-63,247,111
2,2422,cap3,-77,247,111
2,2422,cap3,-73,247,111
2,2422,cap3,-72,247,111
2,2422,cap3,-71,247,111
2,2422,cap3,-70,247,111
2,2427,cap3,-80,247,111
2,0,cap2,100,247,111
2,2412,cap3,-67,250,111
2,2412,cap3,-66,250,111
2,2412,cap3,-65,250,111
2,2417,cap3,-67,250,111
2,2417,cap3,-66,250,111
2,2417,cap3,-64,250,111
2,2417,cap3,-63,250,111
2,2422,cap3,-74,250,111
2,2427,cap3,-83,250,111
2,0,cap2,100,250,111
2,0,cap1,100,250,111
2,2412,cap1,-91,253,111
2,2412,cap3,-64,253,111
2,2412,cap3,-63,253,111
2,2417,cap3,-67,253,111
2,2417,cap3,-65,253,111
2,2422,cap3,-65,253,111
2,2422,cap3,-63,253,111
2,2427,cap3,-81,253,111
2,0,cap2,100,253,111
2,2412,cap1,-90,256,111
2,2412,cap1,-89,256,111
2,2417,cap3,-72,256,111
2,2417,cap3,-68,256,111
2,2417,cap3,-65,256,111
2,2417,cap3,-62,256,111
2,2422,cap3,-75,256,111
2,2422,cap3,-74,256,111
2,2422,cap3,-72,256,111
2,2422,cap3,-68,256,111
2,2427,cap3,-79,256,111
2,0,cap2,100,256,111
2,2412,cap3,-69,259,111
2,2412,cap3,-65,259,111
2,2417,cap3,-71,259,111
2,2417,cap3,-69,259,111
2,2417,cap3,-68,259,111
2,2417,cap3,-66,259,111
2,2417,cap3,-62,259,111
2,2422,cap3,-74,259,111
2,2422,cap3,-69,259,111
2,2427,cap3,-81,259,111
2,2427,cap3,-76,259,111
2,0,cap2,100,259,111
2,0,cap1,100,259,111
2,2412,cap1,-86,262,111
2,2412,cap3,-69,262,111
2,2412,cap3,-68,262,111
2,2417,cap3,-76,262,111
2,2417,cap3,-70,262,111
2,2417,cap3,-67,262,111
2,2417,cap3,-66,262,111
2,2417,cap3,-65,262,111
2,2417,cap3,-64,262,111
2,2422,cap3,-73,262,111
2,2422,cap3,-70,262,111
2,2422,cap3,-68,262,111
2,0,cap2,100,262,111
2,2412,cap1,-85,265,111
2,2412,cap1,-84,265,111
2,2412,cap3,-60,265,111
2,2417,cap3,-73,265,111
2,2417,cap3,-65,265,111
2,2417,cap3,-62,265,111
2,2417,cap3,-61,265,111
2,2417,cap3,-56,265,111
2,2422,cap3,-67,265,111
2,2427,cap3,-80,265,111
2,2427,cap3,-77,265,111
2,0,cap2,100,265,111
2,2412,cap1,-89,268,111
2,2412,cap1,-87,268,111
2,2412,cap1,-86,268,111
2,2412,cap1,-84,268,111
2,2412,cap2,-96,268,111
2,2412,cap3,-63,268,111
2,2417,cap1,-84,268,111
2,2417,cap1,-83,268,111
2,2417,cap3,-68,268,111
2,2417,cap3,-67,268,111
2,2417,cap3,-61,268,111
2,2417,cap3,-60,268,111
2,2417,cap3,-58,268,111
2,2417,cap3,-54,268,111
2,2412,cap1,-92,271,111
2,2412,cap1,-90,271,111
2,2412,cap1,-88,271,111
2,2412,cap1,-86,271,111
2,2412,cap1,-85,271,111
2,2412,cap3,-65,271,111
2,2412,cap3,-64,271,111
2,2417,cap3,-70,271,111
2,2417,cap3,-69,271,111
2,2417,cap3,-68,271,111
2,2417,cap3,-63,271,111
2,2422,cap3,-72,271,111
2,2427,cap3,-81,271,111
2,2427,cap3,-78,271,111
2,0,cap2,100,271,111
2,2412,cap1,-89,274,111
2,2412,cap1,-87,274,111
2,2412,cap3,-68,274,111
2,2417,cap1,-86,274,111
2,2417,cap3,-76,274,111
2,2417,cap3,-75,274,111
2,2417,cap3,-71,274,111
2,2417,cap3,-69,274,111
2,2417,cap3,-68,274,111
2,2417,cap3,-67,274,111
2,2422,cap3,-79,274,111
2,2422,cap3,-77,274,111
2,2422,cap3,-76,274,111
2,2422,cap3,-72,274,111
2,0,cap2,100,274,111
2,2412,cap3,-68,277,111
2,2412,cap3,-60,277,111
2,2417,cap1,-83,277,111
2,2417,cap1,-82,277,111
2,2417,cap3,-66,277,111
2,2417,cap3,-65,277,111
2,2422,cap3,-69,277,111
2,2422,cap3,-60,277,111
2,2427,cap3,-84,277,111
2,2427,cap3,-79,277,111
2,2427,cap3,-78,277,111
2,0,cap2,100,277,111
2,2412,cap1,-88,280,111
2,2412,cap1,-87,280,111
2,2412,cap3,-67,280,111
2,2417,cap3,-70,280,111
2,2417,cap3,-65,280,111
2,2417,cap3,-60,280,111
2,2422,cap3,-67,280,111
2,2422,cap3,-64,280,111
2,2422,cap3,-63,280,111
2,2422,cap3,-59,280,111
2,2427,cap3,-84,280,111
2,2427,cap3,-82,280,111
2,0,cap2,100,280,111
2,2412,cap1,-86,283,111
2,2412,cap1,-85,283,111
2,2412,cap3,-66,283,111
2,2417,cap3,-65,283,111
2,2417,cap3,-64,283,111
2,2417,cap3,-63,283,111
2,2417,cap3,-62,283,111
2,2422,cap3,-73,283,111
2,2422,cap3,-66,283,111
2,2427,cap3,-76,283,111
2,0,cap2,100,283,111
2,2417,cap3,-77,286,111
2,2417,cap3,-74,286,111
2,2417,cap3,-72,286,111
2,2417,cap3,-71,286,111
2,2417,cap3,-69,286,111
2,2422,cap3,-80,286,111
2,2422,cap3,-78,286,111
2,2422,cap3,-77,286,111
2,2422,cap3,-76,286,111
2,2422,cap3,-74,286,111
2,0,cap2,100,286,111
2,0,cap1,100,286,111
2,2412,cap1,-92,289,111
2,2412,cap1,-91,289,111
2,2412,cap3,-69,289,111
2,2417,cap3,-79,289,111
2,2417,cap3,-75,289,111
2,2417,cap3,-71,289,111
2,2417,cap3,-70,289,111
2,2417,cap3,-69,289,111
2,2417,cap3,-68,289,111
2,2417,cap3,-66,289,111
2,2422,cap3,-77,289,111
2,2422,cap3,-76,289,111
2,2422,cap3,-74,289,111
2,2422,cap3,-71,289,111
2,0,cap2,100,289,111
2,2412,cap3,-65,292,111
2,2412,cap3,-59,292,111
2,2417,cap3,-63,292,111
2,2417,cap3,-62,292,111
2,2427,cap3,-84,292,111
2,2427,cap3,-83,292,111
2,2427,cap3,-81,292,111
2,2427,cap3,-75,292,111
2,2427,cap3,-71,292,111
2,0,cap2,100,292,111
2,0,cap1,100,292,111
2,2412,cap1,-87,295,111
2,2412,cap2,-97,295,111
2,2412,cap2,-95,295,111
2,2412,cap3,-71,295,111
2,2417,cap3,-60,295,111
2,2417,cap3,-59,295,111
2,2427,cap3,-80,295,111
2,2427,cap3,-79,295,111
2,2427,cap3,-77,295,111
2,2427,cap3,-76,295,111
2,2427,cap3,-69,295,111
2,2412,cap3,-67,298,111
2,2417,cap3,-77,298,111
2,2417,cap3,-69,298,111
2,2417,cap3,-67,298,111
2,2417,cap3,-64,298,111
2,2417,cap3,-63,298,111
2,2422,cap3,-71,298,111
2,2422,cap3,-69,298,111
2,2422,cap3,-68,298,111
2,2427,cap3,-77,298,111
2,0,cap2,100,298,111
2,0,cap1,100,298,111
2,2412,cap3,-68,301,111
2,2412,cap3,-65,301,111
2,2412,cap3,-64,301,111
2,2417,cap3,-67,301,111
2,2417,cap3,-65,301,111
2,2417,cap3,-61,301,111
2,2427,cap3,-82,301,111
2,2427,cap3,-80,301,111
2,2427,cap3,-78,301,111
2,0,cap2,100,301,111
2,0,cap1,100,301,111
2,2412,cap3,-67,304,111
2,2412,cap3,-66,304,111
2,2412,cap3,-61,304,111
2,2417,cap3,-68,304,111
2,2417,cap3,-64,304,111
2,2427,cap3,-79,304,111
2,2427,cap3,-76,304,111
2,2427,cap3,-75,304,111
2,2427,cap3,-72,304,111
2,0,cap2,100,304,111
2,0,cap1,100,304,111
2,2412,cap3,-58,307,111
2,2412,cap3,-57,307,111
2,2417,cap3,-57,307,111
2,2417,cap3,-56,307,111
2,2422,cap3,-62,307,111
2,2427,cap3,-74,307,111
2,2427,cap3,-71,307,111
2,2427,cap3,-69,307,111
2,2427,cap3,-68,307,111
2,0,cap2,100,307,111
2,0,cap1,100,307,111
2,2412,cap3,-67,310,111
2,2412,cap3,-64,310,111
2,2417,cap3,-66,310,111
2,2417,cap3,-58,310,111
2,2422,cap3,-67,310,111
2,2427,cap3,-80,310,111
2,2427,cap3,-78,310,111
2,2427,cap3,-74,310,111
2,0,cap2,100,310,111
2,0,cap1,100,310,111
2,2412,cap3,-77,313,111
2,2412,cap3,-76,313,111
2,2412,cap3,-74,313,111
2,2417,cap3,-74,313,111
2,2417,cap3,-70,313,111
2,2417,cap3,-68,313,111
2,2422,cap3,-79,313,111
2,2422,cap3,-78,313,111
2,2422,cap3,-75,313,111
2,2422,cap3,-74,313,111
2,2422,cap3,-73,313,111
2,2422,cap3,-72,313,111
2,0,cap2,100,313,111
2,0,cap1,100,313,111
2,2412,cap2,-95,316,111
2,2412,cap3,-53,316,111
2,2412,cap3,-51,316,111
2,2417,cap1,-73,316,111
2,2417,cap1,-72,316,111
2,2417,cap1,-71,316,111
2,2417,cap1,-70,316,111
2,2417,cap3,-54,316,111
2,2417,cap3,-51,316,111
2,2417,cap3,-49,316,111
2,2417,cap3,-48,316,111
2,2417,cap3,-46,316,111
2,2422,cap1,-79,316,111
2,2422,cap1,-77,316,111
2,2422,cap1,-76,316,111
2,2422,cap1,-75,316,111
2,2427,cap3,-62,316,111
2,2427,cap3,-61,316,111
2,2427,cap3,-60,316,111
2,2427,cap3,-59,316,111
2,2412,cap3,-54,319,111
2,2412,cap3,-53,319,111
2,2427,cap3,-89,319,111
2,2427,cap3,-85,319,111
2,2427,cap3,-80,319,111
2,2427,cap3,-79,319,111
2,2427,cap3,-77,319,111
2,2427,cap3,-75,319,111
2,2427,cap3,-66,319,111
2,2427,cap3,-64,319,111
2,0,cap2,100,319,111
2,0,cap1,100,319,111
2,2412,cap3,-64,322,111
2,2412,cap3,-63,322,111
2,2417,cap3,-66,322,111
2,2417,cap3,-65,322,111
2,2417,cap3,-63,322,111
2,2417,cap3,-61,322,111
2,2417,cap3,-60,322,111
2,2422,cap3,-77,322,111
2,2422,cap3,-70,322,111
2,2422,cap3,-63,322,111
2,2422,cap3,-62,322,111
2,0,cap2,100,322,111
2,0,cap1,100,322,111
2,2412,cap3,-61,325,111
2,2417,cap3,-62,325,111
2,2417,cap3,-58,325,111
2,2417,cap3,-52,325,111
2,2422,cap3,-63,325,111
2,2422,cap3,-62,325,111
2,2422,cap3,-60,325,111
2,2427,cap3,-79,325,111
2,2427,cap3,-75,325,111
2,2427,cap3,-74,325,111
2,0,cap2,100,325,111
2,0,cap1,100,325,111
2,2417,cap1,-90,328,111
2,2417,cap1,-82,328,111
2,2417,cap1,-81,328,111
2,2417,cap1,-78,328,111
2,2417,cap3,-54,328,111
2,2417,cap3,-52,328,111
2,2417,cap3,-46,328,111
2,2427,cap3,-70,328,111
2,2427,cap3,-68,328,111
2,2427,cap3,-62,328,111
2,2427,cap3,-60,328,111
2,0,cap2,100,328,111
2,2412,cap3,-59,331,111
2,2412,cap3,-55,331,111
2,2412,cap3,-54,331,111
2,2417,cap1,-83,331,111
2,2417,cap3,-55,331,111
2,2417,cap3,-53,331,111
2,2422,cap3,-61,331,111
2,2427,cap3,-70,331,111
2,2427,cap3,-67,331,111
2,2427,cap3,-64,331,111
2,2427,cap3,-62,331,111
2,2427,cap3,-61,331,111
2,0,cap2,100,331,111
2,2412,cap2,-95,334,111
2,2412,cap2,-94,334,111
2,2412,cap2,-91,334,111
2,2412,cap3,-58,334,111
2,2417,cap1,-78,334,111
2,2417,cap1,-77,334,111
2,2417,cap2,-91,334,111
2,2417,cap3,-53,334,111
2,2427,cap3,-77,334,111
2,2427,cap3,-73,334,111
2,2427,cap3,-66,334,111
2,2427,cap3,-64,334,111
2,2427,cap3,-62,334,111
2,2427,cap3,-61,334,111
2,2422,cap3,-67,337,111
2,2422,cap3,-66,337,111
2,2422,cap3,-65,337,111
2,2427,cap3,-81,337,111
2,2427,cap3,-79,337,111
2,2427,cap3,-78,337,111
2,0,cap2,100,337,111
2,0,cap1,100,337,111
2,2412,cap1,-79,340,111
2,2412,cap3,-56,340,111
2,2412,cap3,-55,340,111
2,2412,cap3,-54,340,111
2,2417,cap3,-55,340,111
2,2417,cap3,-49,340,111
2,2422,cap3,-57,340,111
2,2427,cap3,-68,340,111
2,2427,cap3,-66,340,111
2,2427,cap3,-64,340,111
2,2427,cap3,-63,340,111
2,2427,cap3,-61,340,111
2,0,cap2,100,340,111
2,2412,cap1,-86,343,111
2,2412,cap2,-88,343,111
2,2412,cap3,-58,343,111
2,2412,cap3,-57,343,111
2,2412,cap3,-56,343,111
2,2417,cap1,-76,343,111
2,2422,cap1,-90,343,111
2,2427,cap3,-71,343,111
2,2427,cap3,-70,343,111
2,2427,cap3,-67,343,111
2,2427,cap3,-63,343,111
2,2427,cap3,-62,343,111
2,2412,cap3,-55,346,111
2,2412,cap3,-54,346,111
2,2417,cap1,-88,346,111
2,2417,cap1,-80,346,111
2,2417,cap3,-50,346,111
2,2417,cap3,-49,346,111
2,2427,cap3,-70,346,111
2,2427,cap3,-67,346,111
2,2427,cap3,-65,346,111
2,2427,cap3,-63,346,111
2,2427,cap3,-62,346,111
2,2427,cap3,-61,346,111
2,2427,cap3,-60,346,111
2,0,cap2,100,346,111
2,2412,cap1,-88,349,111
2,2412,cap3,-51,349,111
2,2417,cap1,-78,349,111
2,2417,cap1,-77,349,111
2,2417,cap1,-76,349,111
2,2417,cap3,-48,349,111
2,2417,cap3,-46,349,111
2,2422,cap3,-62,349,111
2,2427,cap3,-73,349,111
2,2427,cap3,-68,349,111
2,2427,cap3,-66,349,111
2,2427,cap3,-63,349,111
2,2427,cap3,-61,349,111
2,2427,cap3,-59,349,111
2,0,cap2,100,349,111
2,2412,cap3,-64,352,111
2,2417,cap3,-64,352,111
2,2417,cap3,-63,352,111
2,2417,cap3,-61,352,111
2,2422,cap3,-69,352,111
2,2422,cap3,-68,352,111
2,2422,cap3,-67,352,111
2,2422,cap3,-66,352,111
2,2427,cap3,-77,352,111
2,0,cap2,100,352,111
2,0,cap1,100,352,111
2,2417,cap3,-59,355,111
2,2417,cap3,-56,355,111
2,2422,cap3,-56,355,111
2,2427,cap3,-73,355,111
2,2427,cap3,-70,355,111
2,2427,cap3,-68,355,111
2,2427,cap3,-67,355,111
2,2427,cap3,-65,355,111
2,0,cap2,100,355,111
2,0,cap1,100,355,111
2,2412,cap1,-79,358,111
2,2412,cap2,-94,358,111
2,2412,cap2,-92,358,111
2,2412,cap3,-48,358,111
2,2412,cap3,-46,358,111
2,2417,cap1,-83,358,111
2,2417,cap1,-79,358,111
2,2417,cap1,-77,358,111
2,2417,cap1,-76,358,111
2,2417,cap1,-75,358,111
2,2422,cap3,-49,358,111
2,2422,cap3,-44,358,111
2,2427,cap3,-58,358,111
2,2432,cap3,-91,358,111
2,2437,cap3,-80,358,111
2,2437,cap3,-79,358,111
2,2412,cap1,-84,361,111
2,2412,cap2,-95,361,111
2,2412,cap2,-93,361,111
2,2412,cap3,-52,361,111
2,2417,cap1,-93,361,111
2,2417,cap1,-83,361,111
2,2417,cap1,-82,361,111
2,2417,cap1,-78,361,111
2,2417,cap1,-75,361,111
2,2417,cap2,-86,361,111
2,2417,cap3,-51,361,111
2,2417,cap3,-45,361,111
2,2427,cap3,-61,361,111
2,2427,cap3,-60,361,111
2,2427,cap3,-59,361,111
2,2427,cap3,-58,361,111
2,2427,cap3,-56,361,111
2,2412,cap1,-83,364,111
2,2412,cap2,-93,364,111
2,2412,cap3,-37,364,111
2,2417,cap1,-85,364,111
2,2417,cap1,-76,364,111
2,2422,cap1,-86,364,111
2,2427,cap3,-48,364,111
2,2427,cap3,-44,364,111
2,2437,cap3,-72,364,111
2,2437,cap3,-70,364,111
2,2437,cap3,-69,364,111
2,2412,cap3,-40,367,111
2,2412,cap3,-39,367,111
2,2417,cap1,-74,367,111
2,2422,cap1,-79,367,111
2,2427,cap3,-45,367,111
2,2432,cap3,-66,367,111
2,2437,cap3,-68,367,111
2,2437,cap3,-66,367,111
2,2437,cap3,-65,367,111
2,0,cap2,100,367,111
2,2412,cap1,-88,370,111
2,2412,cap1,-81,370,111
2,2412,cap2,-96,370,111
2,2412,cap3,-38,370,111
2,2412,cap3,-37,370,111
2,2417,cap1,-83,370,111
2,2417,cap2,-82,370,111
2,2417,cap3,-30,370,111
2,2417,cap3,-29,370,111
2,2417,cap3,-28,370,111
2,2427,cap3,-45,370,111
2,2437,cap3,-70,370,111
2,2437,cap3,-68,370,111
2,2412,cap1,-88,373,111
2,2412,cap1,-86,373,111
2,2412,cap2,-97,373,111
2,2412,cap2,-96,373,111
2,2412,cap3,-41,373,111
2,2412,cap3,-38,373,111
2,2417,cap1,-86,373,111
2,2417,cap1,-82,373,111
2,2417,cap1,-79,373,111
2,2417,cap1,-76,373,111
2,2417,cap2,-85,373,111
2,2417,cap3,-30,373,111
2,2427,cap3,-45,373,111
2,2437,cap3,-74,373,111
2,2437,cap3,-73,373,111
2,2437,cap3,-69,373,111
2,2437,cap3,-67,373,111
2,2437,cap3,-66,373,111
2,2437,cap3,-65,373,111
2,2412,cap1,-74,376,111
2,2412,cap3,-54,376,111
2,2412,cap3,-53,376,111
2,2417,cap1,-77,376,111
2,2417,cap1,-76,376,111
2,2417,cap3,-54,376,111
2,2417,cap3,-49,376,111
2,2427,cap3,-81,376,111
2,2427,cap3,-68,376,111
2,2427,cap3,-66,376,111
2,2427,cap3,-64,376,111
2,2427,cap3,-62,376,111
2,2427,cap3,-61,376,111
2,2427,cap3,-60,376,111
2,2427,cap3,-58,376,111
2,0,cap2,100,376,111
