timestamp,RedmiNote_11,TechnoCamon_20,Xiaomi_10T,Xiaomipoco_X3,Realme_6Pro,Vivo_Y21T
1899-12-30 15:46:07,-83.0,-72.0,,,,
1899-12-30 15:46:09,-79.0,-74.0,,,-74.0,-67.0
1899-12-30 15:46:11,-79.0,-69.0,,-66.0,-74.0,-67.0
1899-12-30 15:46:12,-72.0,-69.0,,-66.0,-71.0,-67.0
1899-12-30 15:46:13,-72.0,-68.0,,-66.0,-73.0,-66.0
1899-12-30 15:46:15,-72.0,-68.0,,-66.0,-73.0,-66.0
1899-12-30 15:46:16,-75.0,-68.0,,-66.0,-73.0,-66.0
1899-12-30 15:46:18,-75.0,-74.0,,-66.0,-73.0,-80.0
1899-12-30 15:46:20,-75.0,-74.0,,-70.0,-73.0,-80.0
1899-12-30 15:46:21,-77.0,-74.0,,-70.0,-74.0,-80.0
1899-12-30 15:46:22,-77.0,-67.0,,-70.0,-77.0,-93.0
1899-12-30 15:46:24,-77.0,-67.0,,-70.0,-77.0,-93.0
1899-12-30 15:46:25,-82.0,-73.0,,-70.0,-77.0,-93.0
1899-12-30 15:46:26,-82.0,-72.0,,-70.0,-77.0,-93.0
1899-12-30 15:46:28,-77.0,-72.0,,-71.0,-77.0,-93.0
1899-12-30 15:46:30,-74.0,-73.0,-86.0,-71.0,-68.0,-93.0
1899-12-30 15:46:31,-74.0,-68.0,-86.0,-71.0,-68.0,-93.0
1899-12-30 15:46:32,-73.0,-68.0,-86.0,-71.0,-68.0,-93.0
1899-12-30 15:46:33,-73.0,-67.0,-86.0,-71.0,-68.0,-79.0
1899-12-30 15:46:35,-73.0,-73.0,-86.0,-71.0,-68.0,-79.0
1899-12-30 15:46:36,-71.0,-73.0,-86.0,-71.0,-68.0,-79.0
1899-12-30 15:46:38,-71.0,-65.0,-86.0,-71.0,-81.0,-69.0
1899-12-30 15:46:39,-71.0,-65.0,-86.0,-70.0,-81.0,-69.0
1899-12-30 15:46:40,-67.0,-65.0,-86.0,-70.0,-81.0,-69.0
1899-12-30 15:46:41,-67.0,-65.0,-86.0,-70.0,-77.0,-77.0
1899-12-30 15:46:42,-67.0,-71.0,-86.0,-70.0,-77.0,-77.0
1899-12-30 15:46:43,-67.0,-71.0,-86.0,-70.0,-77.0,-80.0
1899-12-30 15:46:45,-75.0,-71.0,-86.0,-70.0,-77.0,-80.0
1899-12-30 15:46:46,-75.0,-70.0,-86.0,-73.0,-77.0,-80.0
1899-12-30 15:46:47,-75.0,-70.0,-86.0,-73.0,-77.0,-80.0
1899-12-30 15:46:48,-75.0,-72.0,,-73.0,-77.0,-70.0
1899-12-30 15:46:49,-75.0,-69.0,,-67.0,-77.0,-70.0
1899-12-30 15:46:50,-75.0,-69.0,-86.0,-67.0,-77.0,-70.0
1899-12-30 15:46:52,-79.0,-69.0,-86.0,-67.0,-88.0,-76.0
1899-12-30 15:46:53,-79.0,-75.0,-86.0,-67.0,-88.0,-76.0
1899-12-30 15:46:54,-79.0,-75.0,-86.0,-67.0,-88.0,-76.0
1899-12-30 15:46:55,-79.0,-75.0,-86.0,-67.0,-88.0,-76.0
1899-12-30 15:46:56,-82.0,-75.0,-86.0,-67.0,-73.0,-64.0
1899-12-30 15:46:58,-82.0,-74.0,-86.0,-67.0,-73.0,-64.0
1899-12-30 15:46:59,-82.0,-74.0,-86.0,-67.0,-73.0,-64.0
1899-12-30 15:47:00,-82.0,-74.0,-86.0,-67.0,-73.0,-64.0
1899-12-30 15:47:01,-74.0,-74.0,-86.0,,-63.0,-62.0
1899-12-30 15:47:02,-74.0,-72.0,-86.0,-67.0,,-71.0
1899-12-30 15:47:04,-74.0,-72.0,-86.0,-67.0,-63.0,-71.0
1899-12-30 15:47:05,-70.0,-72.0,-86.0,-68.0,-63.0,
1899-12-30 15:47:06,-70.0,-80.0,-86.0,-68.0,-68.0,-69.0
1899-12-30 15:47:07,-70.0,-72.0,-86.0,-68.0,-68.0,-68.0
1899-12-30 15:47:08,-70.0,-72.0,-86.0,-69.0,-68.0,-68.0
1899-12-30 15:47:09,-78.0,-72.0,-86.0,-69.0,-68.0,-68.0
1899-12-30 15:47:11,-78.0,,-86.0,-69.0,-78.0,-71.0
1899-12-30 15:47:12,,-82.0,-86.0,-69.0,-78.0,-71.0
1899-12-30 15:47:13,,-82.0,-86.0,-65.0,-78.0,-71.0
1899-12-30 15:47:14,-78.0,-84.0,-86.0,-65.0,-75.0,-74.0
1899-12-30 15:47:15,-78.0,-86.0,-86.0,-71.0,-75.0,-74.0
1899-12-30 15:47:17,-78.0,-86.0,-86.0,-71.0,-75.0,-74.0
1899-12-30 15:47:18,-78.0,-86.0,-86.0,-71.0,-71.0,-72.0
1899-12-30 15:47:19,-78.0,-75.0,-86.0,-71.0,-71.0,-71.0
1899-12-30 15:47:20,-78.0,-73.0,,-68.0,-71.0,-71.0
1899-12-30 15:47:21,-78.0,-73.0,-86.0,-68.0,-71.0,-71.0
1899-12-30 15:47:23,-78.0,-79.0,-86.0,-68.0,-65.0,-65.0
1899-12-30 15:47:24,-78.0,-79.0,-86.0,,-65.0,-65.0
1899-12-30 15:47:25,-78.0,-79.0,-86.0,-68.0,,-65.0
1899-12-30 15:47:26,-78.0,-79.0,-84.0,-68.0,-65.0,
1899-12-30 15:47:27,-78.0,-73.0,-84.0,-68.0,-63.0,-62.0
1899-12-30 15:47:29,-78.0,-71.0,-84.0,-66.0,-63.0,-62.0
1899-12-30 15:47:30,-78.0,-71.0,-84.0,-71.0,-63.0,-62.0
1899-12-30 15:47:31,-78.0,-71.0,-84.0,-71.0,-66.0,-72.0
1899-12-30 15:47:32,-78.0,,-84.0,-71.0,-70.0,-72.0
1899-12-30 15:47:33,,-75.0,-84.0,-71.0,-70.0,-72.0
1899-12-30 15:47:34,-79.0,-75.0,-84.0,-71.0,-73.0,-69.0
1899-12-30 15:47:35,-76.0,-73.0,-84.0,-71.0,-73.0,-69.0
1899-12-30 15:47:36,-76.0,-73.0,-84.0,-67.0,-73.0,-69.0
1899-12-30 15:47:37,-76.0,-73.0,,-67.0,-74.0,-73.0
1899-12-30 15:47:38,-70.0,-73.0,-84.0,-67.0,-65.0,-79.0
1899-12-30 15:47:40,-70.0,-95.0,-84.0,,,-79.0
1899-12-30 15:47:41,-70.0,-95.0,-84.0,-66.0,-65.0,
1899-12-30 15:47:42,-71.0,-79.0,-83.0,-66.0,-65.0,-79.0
1899-12-30 15:47:43,-71.0,-75.0,-83.0,-66.0,-63.0,-74.0
1899-12-30 15:47:44,-71.0,,-83.0,-66.0,-63.0,-74.0
1899-12-30 15:47:45,,-75.0,-83.0,-70.0,-63.0,-74.0
1899-12-30 15:47:46,-72.0,-75.0,-83.0,-70.0,-64.0,-67.0
1899-12-30 15:47:47,-72.0,-72.0,-83.0,-70.0,-64.0,-67.0
1899-12-30 15:47:48,-72.0,-72.0,-83.0,-68.0,-64.0,-67.0
1899-12-30 15:47:49,-78.0,-72.0,,-68.0,-73.0,-79.0
1899-12-30 15:47:50,-78.0,-72.0,-83.0,-68.0,-73.0,-79.0
1899-12-30 15:47:52,-78.0,-71.0,-83.0,,,-79.0
1899-12-30 15:47:53,-78.0,-71.0,-83.0,-68.0,-73.0,
1899-12-30 15:47:54,-77.0,-71.0,-83.0,-73.0,-73.0,-79.0
1899-12-30 15:47:55,-77.0,-77.0,-83.0,-73.0,-69.0,-72.0
1899-12-30 15:47:57,-77.0,,-83.0,-73.0,-69.0,-72.0
1899-12-30 15:47:58,-71.0,-69.0,-83.0,-65.0,-67.0,-79.5
1899-12-30 15:47:59,-71.0,-75.0,-83.0,-65.0,-65.0,-87.0
1899-12-30 15:48:00,-71.0,-74.0,-83.0,-66.0,-65.0,-87.0
1899-12-30 15:48:02,-78.0,-74.0,,-66.0,-74.0,-73.0
1899-12-30 15:48:03,-78.0,-74.0,-83.0,-66.0,-66.0,-73.0
1899-12-30 15:48:04,-78.0,-69.0,-83.0,,,-73.0
1899-12-30 15:48:05,-78.0,-75.0,-83.0,-66.0,-66.0,
1899-12-30 15:48:06,-73.0,-75.0,-83.0,-69.0,-66.0,-73.0
1899-12-30 15:48:08,-73.0,-73.0,-85.0,-69.0,-69.0,-72.0
1899-12-30 15:48:09,-73.0,,-85.0,-69.0,-69.0,-72.0
1899-12-30 15:48:10,-73.0,-73.0,-85.0,-69.0,-69.5,-68.5
1899-12-30 15:48:12,-74.0,-69.0,-85.0,-69.0,-70.0,-65.0
1899-12-30 15:48:13,-74.0,-71.0,-85.0,-71.0,-70.0,-65.0
1899-12-30 15:48:14,-74.0,-71.0,,-71.0,-73.0,-66.0
1899-12-30 15:48:15,-74.0,-71.0,-85.0,-71.0,-71.0,-73.0
1899-12-30 15:48:16,-74.0,-71.0,-85.0,,,-73.0
1899-12-30 15:48:18,-74.0,-71.0,-85.0,-71.0,-71.0,
1899-12-30 15:48:19,-74.0,-71.0,-85.0,-71.0,-73.0,-73.0
1899-12-30 15:48:20,-74.0,-71.0,-85.0,-71.0,-70.0,-73.0
1899-12-30 15:48:21,-74.0,-71.0,-85.0,-71.0,-70.0,-73.0
1899-12-30 15:48:22,-79.0,-71.0,-80.0,-71.0,-70.0,-72.0
1899-12-30 15:48:24,-79.0,-71.0,-80.0,-71.0,-71.0,-71.0
1899-12-30 15:48:25,-79.0,-71.0,,-71.0,-71.0,-71.0
1899-12-30 15:48:26,-79.0,-71.0,-80.0,,,-71.0
1899-12-30 15:48:27,-79.0,-71.0,-80.0,-71.0,,
1899-12-30 15:48:29,-79.0,-71.0,-80.0,-71.0,-74.0,-71.0
1899-12-30 15:48:30,-79.0,,-80.0,-71.0,-74.0,-71.0
1899-12-30 15:48:31,-79.0,-71.0,-80.0,-73.5,-74.0,-71.0
1899-12-30 15:48:32,-75.0,-71.0,-80.0,-76.0,-66.0,-62.0
1899-12-30 15:48:34,-75.0,-71.0,,-76.0,-66.0,-62.0
1899-12-30 15:48:35,-75.0,-66.0,-80.0,,,-62.0
1899-12-30 15:48:36,-75.0,-73.0,-80.0,-76.0,-66.0,
1899-12-30 15:48:37,-78.0,-73.0,-87.0,-76.0,-74.0,-73.0
1899-12-30 15:48:38,-78.0,,-87.0,-76.0,-77.0,-78.0
1899-12-30 15:48:39,,-85.0,-87.0,-76.0,-77.0,-78.0
1899-12-30 15:48:40,-78.0,-85.0,-87.0,-63.0,-77.0,-78.0
1899-12-30 15:48:41,-73.0,-85.0,-79.0,-63.0,-73.0,-65.0
1899-12-30 15:48:42,-73.0,-81.0,,-63.0,-71.0,-75.0
1899-12-30 15:48:43,-73.0,-70.0,-79.0,,,-75.0
1899-12-30 15:48:45,-78.0,-70.0,-79.0,-64.0,-71.0,
1899-12-30 15:48:46,-78.0,-70.0,-79.0,-69.0,-74.0,-74.0
1899-12-30 15:48:47,,-77.0,-79.0,-69.0,-78.0,-80.0
1899-12-30 15:48:48,-78.0,-77.0,-77.0,-74.0,-78.0,-80.0
1899-12-30 15:48:50,-78.0,-77.0,-77.0,-74.0,-73.0,-63.0
1899-12-30 15:48:51,-78.0,-70.0,,-74.0,-73.0,-75.0
1899-12-30 15:48:52,-78.0,-72.0,-77.0,,,-75.0
1899-12-30 15:48:53,-78.0,-72.0,-77.0,-63.0,-73.0,
1899-12-30 15:48:55,-78.0,,-77.0,-63.0,-67.0,-65.0
1899-12-30 15:48:56,-78.0,-69.0,-77.0,-63.0,-67.0,-65.0
1899-12-30 15:48:57,-78.0,-72.0,-89.0,-63.0,-74.0,-74.0
1899-12-30 15:48:59,-78.0,-72.0,,-63.0,-66.0,-74.0
1899-12-30 15:49:00,-78.0,-72.0,-89.0,,,-74.0
1899-12-30 15:49:01,-78.0,-72.0,-89.0,-68.0,-66.0,
1899-12-30 15:49:02,-78.0,-72.0,-89.0,-68.0,-71.0,-76.5
1899-12-30 15:49:04,-78.0,-77.0,-89.0,-73.0,-76.0,-79.0
1899-12-30 15:49:05,-78.0,-76.0,,-69.0,-76.0,-79.0
1899-12-30 15:49:06,-67.0,-76.0,-89.0,,,-79.0
1899-12-30 15:49:07,-67.0,-71.0,-89.0,-69.0,,
1899-12-30 15:49:09,-67.0,,-89.0,-68.0,-72.0,-79.0
1899-12-30 15:49:10,-72.0,-71.0,-89.0,-66.0,-75.5,-73.0
1899-12-30 15:49:11,-72.0,-71.0,-89.0,-66.0,-79.0,-75.0
1899-12-30 15:49:12,-72.0,-71.0,,-76.0,-79.0,-75.0
1899-12-30 15:49:14,-78.0,-71.0,-89.0,,,
1899-12-30 15:49:15,-78.0,-71.0,-89.0,-76.0,-72.0,-73.0
1899-12-30 15:49:16,-78.0,-69.0,-89.0,-72.0,-67.0,-64.0
1899-12-30 15:49:17,-78.0,-69.0,-89.0,-76.0,-74.0,-74.0
1899-12-30 15:49:19,-78.0,-69.0,,-76.0,-79.0,-74.0
1899-12-30 15:49:20,-78.0,-75.0,-89.0,,,-74.0
1899-12-30 15:49:21,-78.0,-75.0,-89.0,-76.0,-79.0,
1899-12-30 15:49:22,,,-89.0,-76.0,-79.0,-74.0
1899-12-30 15:49:23,,-75.0,-89.0,-76.0,-79.0,-81.0
1899-12-30 15:49:24,-78.0,-70.0,-89.0,-76.0,-79.0,-81.0
1899-12-30 15:49:25,-78.0,-79.0,,-71.0,-79.0,-81.0
1899-12-30 15:49:26,-78.0,-79.0,-89.0,,,-72.0
1899-12-30 15:49:28,-78.0,-68.0,-89.0,-71.0,-75.0,
1899-12-30 15:49:29,-78.0,-69.0,-89.0,-72.0,-85.0,-72.0
1899-12-30 15:49:30,-78.0,-69.0,-89.0,-75.0,-85.0,-72.0
1899-12-30 15:49:31,-78.0,-69.0,-89.0,-75.0,-79.0,-72.0
1899-12-30 15:49:33,-78.0,-71.0,,,-79.0,-72.0
1899-12-30 15:49:34,-78.0,-71.0,-89.0,,,
1899-12-30 15:49:35,-78.0,-71.0,-89.0,-71.0,-79.0,-72.0
1899-12-30 15:49:36,-81.0,-71.0,-89.0,-71.0,-74.5,-74.0
1899-12-30 15:49:38,-81.0,-75.0,-89.0,-71.0,-77.0,-74.0
1899-12-30 15:49:39,-81.0,-75.0,,-74.0,-77.0,-74.0
1899-12-30 15:49:40,-78.0,-75.0,-89.0,,,
1899-12-30 15:49:41,-78.0,-69.0,-89.0,-74.0,-76.0,
1899-12-30 15:49:43,-78.0,-69.0,-86.0,-70.5,-76.0,-65.0
1899-12-30 15:49:44,-79.0,-69.0,-83.0,-67.0,-73.0,-65.0
1899-12-30 15:49:45,-79.0,-69.0,,-67.0,-76.0,-75.0
1899-12-30 15:49:46,-79.0,-68.0,-83.0,,,-75.0
1899-12-30 15:49:48,-79.0,-68.0,-83.0,-71.0,-76.0,
1899-12-30 15:49:49,-72.0,-68.0,-83.0,-71.0,-69.5,-69.0
1899-12-30 15:49:50,-77.0,-72.0,-83.0,-71.0,-74.0,-63.0
1899-12-30 15:49:51,-77.0,-69.0,,-75.0,-74.0,-63.0
1899-12-30 15:49:53,-77.0,-69.0,,,-74.0,-80.0
1899-12-30 15:49:54,-77.0,-69.0,-76.0,-75.0,,
1899-12-30 15:49:55,-77.0,-71.0,-76.0,-75.0,-74.0,-76.0
1899-12-30 15:49:57,-77.0,-71.0,-76.0,-72.0,-74.0,-76.0
1899-12-30 15:49:58,-78.0,-71.0,-76.0,-70.0,-73.0,-76.0
1899-12-30 15:49:59,-78.0,-69.0,,-74.0,-73.0,-76.0
1899-12-30 15:50:00,-78.0,-69.0,-76.0,,,
1899-12-30 15:50:02,-78.0,-69.0,-76.0,-66.0,-73.0,-76.0
1899-12-30 15:50:03,-78.0,-73.0,-76.0,-66.0,-63.0,-64.0
1899-12-30 15:50:04,-78.0,-72.0,-76.0,-67.0,-63.0,-64.0
1899-12-30 15:50:06,-79.0,-72.0,,-67.0,-73.0,-74.0
1899-12-30 15:50:07,-79.0,-80.0,-76.0,,,-7.0
1899-12-30 15:50:08,-79.0,-74.0,-76.0,-67.0,-73.0,
1899-12-30 15:50:09,-79.0,-74.0,-76.0,-66.5,-73.0,-75.0
1899-12-30 15:50:11,-78.0,-74.0,-76.0,-67.0,-77.0,-63.0
1899-12-30 15:50:12,-78.0,-72.0,,-67.0,-77.0,-63.0
1899-12-30 15:50:13,-78.0,-73.0,-76.0,,,
1899-12-30 15:50:14,-78.0,-73.0,-76.0,-73.0,-77.0,-63.0
1899-12-30 15:50:16,-78.0,-78.0,-83.0,-73.0,-70.0,-73.0
1899-12-30 15:50:17,-78.0,-69.0,-83.0,-66.0,-70.0,-73.0
1899-12-30 15:50:18,-78.0,-69.0,,,-73.0,-74.0
1899-12-30 15:50:20,-78.0,-69.0,-83.0,-71.0,,
1899-12-30 15:50:21,-78.0,-75.0,-83.0,-72.0,-68.0,-76.0
1899-12-30 15:50:22,-79.0,-75.0,-83.0,-75.0,-76.0,-76.0
1899-12-30 15:50:23,-79.0,-75.0,,-75.0,-76.0,-73.0
1899-12-30 15:50:25,-79.0,-72.0,-83.0,,,-73.0
1899-12-30 15:50:26,-79.0,-72.0,-83.0,-75.0,-76.0,
1899-12-30 15:50:27,-75.0,-72.0,-86.0,-67.0,-70.0,-73.0
1899-12-30 15:50:28,-75.0,-67.0,-86.0,-70.0,-72.0,-71.0
1899-12-30 15:50:30,-75.0,-70.0,,-68.0,-72.0,-71.0
1899-12-30 15:50:31,-75.0,-70.0,-86.0,,,
1899-12-30 15:50:32,-72.0,-70.0,-86.0,-65.0,-72.0,
1899-12-30 15:50:33,-72.0,-71.0,-86.0,-65.0,-64.0,-82.0
1899-12-30 15:50:35,-72.0,-74.0,-86.0,-67.0,-64.0,-82.0
1899-12-30 15:50:36,-72.0,-74.0,,-67.0,-64.0,-65.0
1899-12-30 15:50:37,-72.0,-68.0,-86.0,,,
1899-12-30 15:50:38,-72.0,-68.0,-86.0,-67.0,-64.0,-65.0
1899-12-30 15:50:39,-78.0,-68.0,-86.0,-70.5,-69.0,-65.0
1899-12-30 15:50:41,-77.0,-70.0,-86.0,-75.0,-73.0,-73.0
1899-12-30 15:50:42,-77.0,-72.0,,,-73.0,-73.0
1899-12-30 15:50:43,-77.0,-73.0,-86.0,-67.0,,
1899-12-30 15:50:44,-78.0,-90.0,-86.0,-66.0,-71.0,-73.5
1899-12-30 15:50:46,-78.0,-70.0,-86.0,-69.0,-69.0,-74.0
1899-12-30 15:50:47,-78.0,-73.0,,-70.0,-69.0,-74.0
1899-12-30 15:50:48,-78.0,-73.0,-86.0,,,-76.0
1899-12-30 15:50:49,-78.0,-70.0,-86.0,-70.0,-75.0,
1899-12-30 15:50:51,-78.0,-70.0,-86.0,-68.0,-75.0,-76.0
1899-12-30 15:50:52,-73.0,-70.0,-86.0,-68.0,-75.0,-71.0
1899-12-30 15:50:53,-73.0,-70.0,,-78.0,-75.0,-71.0
1899-12-30 15:50:55,-73.0,-75.0,-86.0,,,
1899-12-30 15:50:56,-77.0,-75.0,-86.0,-72.0,-75.0,
1899-12-30 15:50:57,-77.0,-75.0,-86.0,-72.0,-74.0,-82.0
1899-12-30 15:50:58,-77.0,-69.0,-86.0,-66.0,-74.0,-82.0
1899-12-30 15:51:00,-77.0,-69.0,,-66.0,-72.0,-71.0
1899-12-30 15:51:01,-77.0,-80.0,-86.0,,,
1899-12-30 15:51:02,-77.0,-76.0,-86.0,-70.0,-84.0,-71.0
1899-12-30 15:51:03,-77.0,-76.0,-86.0,-74.0,-84.0,-71.0
1899-12-30 15:51:04,-78.0,-76.0,,-74.0,-73.0,-68.0
1899-12-30 15:51:06,-78.0,-76.0,-86.0,,,
1899-12-30 15:51:07,-78.0,-76.0,-86.0,-70.5,-73.0,-68.0
1899-12-30 15:51:08,-77.0,-76.0,-86.0,-69.0,-74.0,-68.0
1899-12-30 15:51:09,-77.0,-76.0,,-69.0,-74.0,-72.0
1899-12-30 15:51:10,-77.0,-71.0,-86.0,,,
1899-12-30 15:51:11,-77.0,,-86.0,-68.0,-74.0,-72.0
1899-12-30 15:51:12,,-74.0,-86.0,-69.0,-74.0,-72.0
1899-12-30 15:51:13,-77.0,-74.0,-86.0,-69.0,-64.0,-69.0
1899-12-30 15:51:14,-85.0,-73.0,,-69.0,-64.0,-69.0
1899-12-30 15:51:15,-85.0,-77.0,-86.0,,,
1899-12-30 15:51:17,-85.0,,-86.0,-71.0,-64.0,-69.0
1899-12-30 15:51:18,-72.0,-77.0,-86.0,-75.0,-64.0,-63.0
1899-12-30 15:51:19,-72.0,-67.0,,-69.0,-64.0,-63.0
1899-12-30 15:51:20,-72.0,-67.0,-86.0,,,
1899-12-30 15:51:22,-77.0,-6.0,-86.0,-69.0,-68.0,-73.5
1899-12-30 15:51:23,-77.0,-76.0,-86.0,-69.0,-72.0,-84.0
1899-12-30 15:51:24,-77.0,-70.0,,-67.0,-72.0,-84.0
1899-12-30 15:51:25,-77.0,-72.0,-86.0,,,
1899-12-30 15:51:26,-77.0,-72.0,-86.0,-65.0,-70.5,-80.0
1899-12-30 15:51:28,-77.0,-73.0,-86.0,-70.0,-69.0,-76.0
1899-12-30 15:51:29,-77.0,-73.0,,-67.0,-69.0,-76.0
1899-12-30 15:51:30,-77.0,-73.0,-86.0,,,
1899-12-30 15:51:31,-70.0,-73.0,-86.0,-67.0,-68.0,-76.0
1899-12-30 15:51:33,-70.0,-71.0,-86.0,-67.0,-64.0,-76.0
1899-12-30 15:51:34,-70.0,-73.0,,-76.0,-64.0,-76.0
1899-12-30 15:51:35,-77.0,-73.0,-86.0,,,
1899-12-30 15:51:37,-77.0,-68.0,-86.0,-76.0,-68.0,-71.0
1899-12-30 15:51:38,-77.0,-68.0,-86.0,-65.0,-68.0,-71.0
1899-12-30 15:51:39,-77.0,-68.0,,-65.0,-68.0,-71.0
1899-12-30 15:51:40,-77.0,-68.0,-86.0,,,
1899-12-30 15:51:42,-68.0,-68.0,-86.0,-65.0,-72.5,-72.0
1899-12-30 15:51:43,-68.0,-73.0,-86.0,-66.0,-72.0,-72.0
1899-12-30 15:51:44,-68.0,-73.0,,,-64.0,-63.0
1899-12-30 15:51:46,-68.0,-66.0,-86.0,-66.0,,
1899-12-30 15:51:47,-68.0,-78.0,-86.0,-68.0,-64.0,-63.0
1899-12-30 15:51:48,-68.0,-78.0,,-70.0,-64.0,-63.0
1899-12-30 15:51:49,-68.0,-78.0,-86.0,,,-72.0
1899-12-30 15:51:51,-68.0,-74.0,-86.0,-71.0,-68.0,-72.0
1899-12-30 15:51:52,-68.0,-73.0,-86.0,-66.0,-68.0,-72.0
1899-12-30 15:51:53,-78.0,-73.0,,-66.0,-71.0,-76.0
1899-12-30 15:51:54,-78.0,-75.0,-86.0,,,
1899-12-30 15:51:56,-78.0,-74.0,-86.0,-65.5,-76.0,-76.0
1899-12-30 15:51:57,-78.0,-70.0,-86.0,-70.0,-76.0,-76.0
1899-12-30 15:51:58,-78.0,-70.0,,-70.0,-74.0,-76.0
1899-12-30 15:51:59,-78.0,-76.0,-86.0,,,
1899-12-30 15:52:01,-78.0,-72.0,-86.0,-68.0,-71.0,-76.0
1899-12-30 15:52:02,-78.0,-72.0,-86.0,-66.0,-71.0,-76.0
1899-12-30 15:52:03,-78.0,-72.0,,,,-70.0
1899-12-30 15:52:04,-78.0,-78.0,-86.0,-66.0,-71.0,
1899-12-30 15:52:06,-78.0,-77.0,-85.0,-69.5,-71.0,-70.0
1899-12-30 15:52:07,-72.0,-77.0,,-70.0,-63.0,-80.0
1899-12-30 15:52:08,-72.0,-77.0,-81.0,,,
1899-12-30 15:52:09,-72.0,-71.0,-81.0,-73.0,-63.0,
1899-12-30 15:52:10,,,-81.0,-67.0,-63.0,-80.0
1899-12-30 15:52:11,-72.0,-71.0,-88.0,-76.0,-74.0,-77.0
1899-12-30 15:52:12,-72.0,-74.0,,-76.0,-77.0,-77.0
1899-12-30 15:52:13,-72.0,-68.0,-88.0,,,
1899-12-30 15:52:14,-7.0,,-88.0,-68.0,-77.0,-77.0
1899-12-30 15:52:15,,-76.0,-88.0,-71.0,-77.0,-77.0
1899-12-30 15:52:16,-72.0,-76.0,-88.0,-71.0,-62.0,-73.0
1899-12-30 15:52:17,-77.0,-74.0,,,-62.0,-73.0
1899-12-30 15:52:18,-77.0,-74.0,-88.0,-71.0,,
1899-12-30 15:52:20,-77.0,-72.0,-88.0,-74.0,-62.0,-73.0
1899-12-30 15:52:21,-77.0,-72.0,,-75.0,-81.0,-74.0
1899-12-30 15:52:22,-77.0,-71.0,-88.0,,,-74.0
1899-12-30 15:52:24,-77.0,-71.0,-89.5,-66.0,-81.0,-74.0
1899-12-30 15:52:25,-77.0,-71.0,-78.0,-65.0,-64.0,-73.0
1899-12-30 15:52:26,-77.0,-72.0,,-66.0,-64.0,-73.0
1899-12-30 15:52:27,-77.0,-70.0,-78.0,,,
1899-12-30 15:52:29,-78.0,-70.0,-81.5,-65.0,-68.5,-73.0
1899-12-30 15:52:30,-78.0,-73.0,,-65.0,-69.0,-75.0
1899-12-30 15:52:31,-78.0,-69.0,,,,-75.0
1899-12-30 15:52:33,-78.0,-69.0,-85.0,-66.0,-70.0,-73.0
1899-12-30 15:52:34,-78.0,-69.0,-85.0,-66.0,-71.0,-71.0
1899-12-30 15:52:35,-78.0,-75.0,,-74.0,-71.0,-71.0
1899-12-30 15:52:37,-78.0,-72.0,-85.0,,,
1899-12-30 15:52:38,-72.0,-72.0,-85.0,-73.0,-71.5,-71.0
1899-12-30 15:52:39,-72.0,-70.0,,-70.0,-68.0,-77.0
1899-12-30 15:52:40,-72.0,-79.0,-85.0,,,
1899-12-30 15:52:42,-66.0,-79.0,-87.0,-70.0,-66.0,-70.5
1899-12-30 15:52:43,-74.0,-76.0,-84.0,-73.0,-64.0,-72.0
1899-12-30 15:52:44,-74.0,-70.0,,,-64.0,-72.0
1899-12-30 15:52:45,-73.0,-70.0,-84.0,-67.0,,
1899-12-30 15:52:47,-73.0,-76.0,-84.0,-67.0,-75.0,-73.5
1899-12-30 15:52:48,-73.0,-70.0,,-68.0,-75.0,-75.0
1899-12-30 15:52:49,-73.0,-70.0,-84.0,,,
1899-12-30 15:52:51,-74.0,-70.0,-84.0,-68.0,-72.5,-75.0
1899-12-30 15:52:52,-74.0,-75.0,-84.0,-73.0,-70.0,-75.0
1899-12-30 15:52:53,-74.0,-70.0,,,,-75.0
1899-12-30 15:52:55,-74.0,-70.0,-84.0,-66.0,-73.0,-76.0
1899-12-30 15:52:56,-74.0,-80.0,-84.0,-75.0,-76.0,-76.0
1899-12-30 15:52:57,-74.0,-80.0,,-76.0,-76.0,-76.0
1899-12-30 15:52:59,-74.0,-80.0,-84.0,,,
1899-12-30 15:53:00,-74.0,-80.0,-84.0,-76.0,-74.0,-76.0
1899-12-30 15:53:01,-74.0,-77.0,,-68.0,-72.0,-76.0
1899-12-30 15:53:02,-74.0,-77.0,,,,-76.0
1899-12-30 15:53:04,-74.0,-77.0,-86.0,-66.0,-72.5,-78.0
1899-12-30 15:53:05,-74.0,-77.0,-86.0,-66.0,-73.0,-78.0
1899-12-30 15:53:06,-74.0,-69.0,,-65.0,-73.0,-78.0
1899-12-30 15:53:07,-74.0,-69.0,-86.0,,,
1899-12-30 15:53:09,-70.0,-69.0,-86.0,-65.0,-68.0,-72.5
1899-12-30 15:53:10,-70.0,-68.0,,-66.0,-63.0,-72.0
1899-12-30 15:53:11,-70.0,-68.0,-86.0,,,
1899-12-30 15:53:13,-78.0,-68.0,-86.0,-67.0,-68.5,-73.5
1899-12-30 15:53:14,-78.0,-73.0,,-67.0,-74.0,-75.0
1899-12-30 15:53:15,-78.0,-70.0,-86.0,,,
1899-12-30 15:53:16,-78.0,-70.0,-86.0,-68.0,-74.5,-75.0
1899-12-30 15:53:18,-78.0,-75.0,-86.0,-66.0,-75.0,-75.0
1899-12-30 15:53:19,-78.0,-78.0,,,,-75.0
1899-12-30 15:53:20,-71.0,,-86.0,-77.0,-72.5,-75.0
1899-12-30 15:53:21,-71.0,-67.0,-86.0,-77.0,-70.0,-75.0
1899-12-30 15:53:23,-71.0,-77.0,,,,-75.0
1899-12-30 15:53:24,-79.0,-77.0,-86.0,-65.0,-70.0,-76.0
1899-12-30 15:53:25,-79.0,-77.0,-86.0,-65.0,-70.0,-67.0
1899-12-30 15:53:27,-79.0,-72.0,,,,-67.0
1899-12-30 15:53:28,-79.0,-72.0,-86.0,-65.0,-70.0,-67.0
1899-12-30 15:53:29,-79.0,-72.0,-86.0,-62.0,-71.0,-73.0
1899-12-30 15:53:30,-79.0,-72.0,,,,-73.0
1899-12-30 15:53:32,-79.0,-73.0,-86.0,-76.0,-73.0,-73.0
1899-12-30 15:53:33,-79.0,-80.0,-86.0,-72.0,-73.0,-73.0
1899-12-30 15:53:34,-72.0,-80.0,,,,-76.0
1899-12-30 15:53:36,-72.0,-73.0,-86.0,-72.0,-72.0,-76.0
1899-12-30 15:53:37,-72.0,-71.0,-86.0,-74.0,-72.0,-76.0
1899-12-30 15:53:38,-72.0,-71.0,,,,-76.0
1899-12-30 15:53:39,-72.0,-71.0,-86.0,-70.0,-70.0,-66.0
1899-12-30 15:53:41,-72.0,-71.0,-86.0,-66.0,-64.0,-66.0
1899-12-30 15:53:42,-72.0,-71.0,,,,-66.0
1899-12-30 15:53:43,-72.0,,-86.0,-75.0,-64.0,-76.0
1899-12-30 15:53:45,-72.0,-70.0,-86.0,-72.0,-64.0,-76.0
1899-12-30 15:53:46,-76.0,-81.0,,,,-78.0
1899-12-30 15:53:47,-76.0,-81.0,-86.0,-75.0,-70.0,-78.0
1899-12-30 15:53:49,-76.0,-68.0,-86.0,-67.0,-67.0,-78.0
1899-12-30 15:53:50,-76.0,-68.0,,,,-78.0
1899-12-30 15:53:51,-70.0,-68.0,-86.0,-67.0,-70.0,-74.0
1899-12-30 15:53:53,-70.0,-69.0,-86.0,-67.0,-73.0,-74.0
1899-12-30 15:53:54,-70.0,-80.0,,,,-74.0
1899-12-30 15:53:55,-70.0,-80.0,-85.5,-67.0,-73.0,-76.0
1899-12-30 15:53:56,-73.0,-74.0,-85.0,-68.0,-69.0,-71.0
1899-12-30 15:53:58,-73.0,-74.0,,,,
1899-12-30 15:53:59,-73.0,-74.0,-85.0,-71.5,-71.0,-75.0
1899-12-30 15:54:00,-84.0,-74.0,-85.0,-70.0,-73.0,-75.0
1899-12-30 15:54:01,-84.0,-71.0,,,,
1899-12-30 15:54:02,-84.0,,-85.0,-66.0,-73.0,-75.0
1899-12-30 15:54:03,,-71.0,-84.0,-70.0,-73.0,-75.0
1899-12-30 15:54:04,-84.0,-80.0,,-70.0,-66.0,-75.0
1899-12-30 15:54:05,-84.0,-70.0,,,,
1899-12-30 15:54:06,,,-84.0,-72.0,-66.0,-75.0
1899-12-30 15:54:07,,-72.0,-84.0,-72.0,-66.0,-75.0
1899-12-30 15:54:08,-84.0,-72.0,,-72.0,-76.0,-75.0
1899-12-30 15:54:09,-84.0,-77.0,-84.0,,,
1899-12-30 15:54:10,-84.0,-77.0,-84.0,-70.5,-76.0,-75.0
1899-12-30 15:54:12,-76.0,-77.0,,-74.0,-76.0,-72.0
1899-12-30 15:54:13,-76.0,-76.0,-84.0,,,
1899-12-30 15:54:14,-76.0,-69.0,-84.0,-73.5,-76.0,-72.0
1899-12-30 15:54:16,-76.0,-72.0,,-70.0,-76.0,-72.0
1899-12-30 15:54:17,-74.0,-72.0,-84.0,,,
1899-12-30 15:54:18,-74.0,-76.0,-80.0,-73.5,-70.0,-73.0
1899-12-30 15:54:19,-74.0,-76.0,,-70.0,-70.0,-73.0
1899-12-30 15:54:21,-77.0,-76.0,-80.0,,,
1899-12-30 15:54:22,-77.0,-67.0,-80.0,-68.5,-63.0,-65.0
1899-12-30 15:54:23,-77.0,-72.0,,-67.0,-63.0,-65.0
1899-12-30 15:54:25,-77.0,-72.0,-80.0,,,
1899-12-30 15:54:26,-77.0,-79.0,-80.0,-67.0,-71.5,-74.0
1899-12-30 15:54:27,-77.0,-79.0,,-73.0,-70.0,-74.0
1899-12-30 15:54:29,-78.0,-79.0,-80.0,,,
1899-12-30 15:54:30,-71.0,-79.0,-80.0,-73.0,-70.0,-74.0
1899-12-30 15:54:31,-71.0,-70.0,,-76.0,-67.0,-75.0
1899-12-30 15:54:32,-71.0,-70.0,-80.0,,,
1899-12-30 15:54:34,-71.0,-70.0,-80.0,-69.5,-69.5,-75.0
1899-12-30 15:54:35,-71.0,-70.0,,-71.0,-68.0,-75.0
1899-12-30 15:54:36,-71.0,-77.0,-80.0,,,
1899-12-30 15:54:37,,,-80.0,-72.0,-68.0,-75.0
1899-12-30 15:54:38,-71.0,-77.0,-80.0,-72.0,-68.0,-74.0
1899-12-30 15:54:39,-73.0,-81.0,,-72.0,-68.0,-66.0
1899-12-30 15:54:40,-73.0,-70.0,-80.0,,,
1899-12-30 15:54:41,-73.0,-69.0,-80.0,-65.5,-68.0,-66.0
1899-12-30 15:54:43,-73.0,-69.0,,-66.0,-81.0,-72.0
1899-12-30 15:54:44,-73.0,-71.0,-80.0,,,
1899-12-30 15:54:45,-73.0,-71.0,-80.0,-66.0,-81.0,-72.0
1899-12-30 15:54:47,-77.0,-71.0,,-66.0,-79.0,-80.0
1899-12-30 15:54:48,-77.0,-74.0,-80.0,,,
1899-12-30 15:54:49,-77.0,-78.0,-80.0,-74.0,-79.0,-80.0
1899-12-30 15:54:50,-71.0,-78.0,,-74.0,-74.0,-81.0
1899-12-30 15:54:52,-71.0,-75.0,-80.0,-74.0,-74.0,-81.0
1899-12-30 15:54:53,-71.0,-75.0,-80.0,-67.0,-74.0,-81.0
1899-12-30 15:54:54,-73.0,-75.0,,-67.0,-75.0,-65.0
1899-12-30 15:54:55,-73.0,-70.0,-80.0,,,
1899-12-30 15:54:56,,,-80.0,-67.0,-75.0,-65.0
1899-12-30 15:54:57,-73.0,-74.0,-80.0,-66.0,-75.0,-65.0
1899-12-30 15:54:58,-76.0,-74.0,,-66.0,-67.0,-67.0
1899-12-30 15:54:59,-76.0,-69.0,-80.0,-66.0,-74.0,-67.0
1899-12-30 15:55:01,-76.0,-70.0,-80.0,-73.0,-74.0,-67.0
1899-12-30 15:55:02,-76.0,-70.0,,,-74.0,-77.0
1899-12-30 15:55:03,-73.0,-70.0,-80.0,-70.0,-72.0,-77.0
1899-12-30 15:55:05,-73.0,-70.0,-80.0,-66.0,-72.0,-77.0
1899-12-30 15:55:06,-73.0,-70.0,,,-72.0,-77.0
1899-12-30 15:55:07,-69.0,-70.0,-80.0,-66.0,-63.0,-73.0
1899-12-30 15:55:09,-69.0,-78.0,-80.0,-72.0,-63.0,-73.0
1899-12-30 15:55:10,-69.0,-79.0,,,-63.0,-73.0
1899-12-30 15:55:11,-79.0,-79.0,-88.0,-76.0,-74.0,-69.0
1899-12-30 15:55:12,-79.0,-66.0,-88.0,-72.0,-74.0,-69.0
1899-12-30 15:55:14,-79.0,-79.0,,,-74.0,-69.0
1899-12-30 15:55:15,-70.0,-79.0,-88.0,-72.0,-71.0,-70.0
1899-12-30 15:55:16,-70.0,-79.0,-88.0,-72.0,-71.0,-70.0
1899-12-30 15:55:18,-70.0,-73.0,,,,-70.0
1899-12-30 15:55:19,-76.0,-73.0,-88.0,-77.0,-74.0,-70.0
1899-12-30 15:55:20,-76.0,-73.0,-88.0,-77.0,-74.0,-70.0
1899-12-30 15:55:21,-76.0,-70.0,,,,-70.0
1899-12-30 15:55:23,-76.0,-70.0,-88.0,-65.0,-79.0,-67.0
1899-12-30 15:55:24,-76.0,-70.0,-88.0,-65.0,-79.0,-67.0
1899-12-30 15:55:25,-76.0,-74.0,,,,-67.0
1899-12-30 15:55:27,-78.0,-74.0,-88.0,-72.0,-76.5,-67.0
1899-12-30 15:55:28,-78.0,-74.0,-88.0,-72.0,-77.0,-67.0
1899-12-30 15:55:29,-78.0,-64.0,,,,-67.0
1899-12-30 15:55:30,-78.0,-70.0,-88.0,-66.5,-77.0,-67.0
1899-12-30 15:55:32,-78.0,-70.0,-88.0,-65.0,-77.0,-67.0
1899-12-30 15:55:33,-74.0,-70.0,,,,-75.0
1899-12-30 15:55:34,-73.0,-8.0,-88.0,-65.5,-72.0,-72.0
1899-12-30 15:55:35,-73.0,-74.0,-88.0,-65.0,-71.0,-72.0
1899-12-30 15:55:36,-77.0,-74.0,,,,-77.0
1899-12-30 15:55:38,-78.0,,-88.0,-65.0,-73.0,-78.0
1899-12-30 15:55:39,-78.0,-74.0,-88.0,-73.0,-73.0,-78.0
1899-12-30 15:55:40,-78.0,-74.0,,,,-78.0
1899-12-30 15:55:41,-79.0,,-88.0,-69.0,-74.0,
1899-12-30 15:55:42,,-74.0,-88.0,-69.0,-75.0,-79.0
1899-12-30 15:55:43,-79.0,-71.0,-88.0,-65.0,-75.0,-79.0
1899-12-30 15:55:44,-70.0,-71.0,,,,-65.0
1899-12-30 15:55:45,-70.0,,-88.0,-65.0,-65.0,
1899-12-30 15:55:46,,-76.0,-88.0,-65.0,-65.0,-82.0
1899-12-30 15:55:47,-70.0,-69.0,-88.0,-73.0,-65.0,-82.0
1899-12-30 15:55:48,-69.0,-69.0,,,,
1899-12-30 15:55:49,-69.0,-71.0,-88.0,-73.0,-67.0,-69.0
1899-12-30 15:55:51,-69.0,-75.0,-88.0,-75.0,-69.0,-69.0
1899-12-30 15:55:52,-69.0,-75.0,,,,
1899-12-30 15:55:53,-76.0,-80.0,-88.0,-75.0,-74.5,-66.0
1899-12-30 15:55:55,-76.0,-75.0,,-74.0,-80.0,-66.0
1899-12-30 15:55:56,-76.0,-75.0,,,,
1899-12-30 15:55:57,,-75.0,-88.0,-77.0,-78.5,-72.5
1899-12-30 15:55:58,-77.0,-72.0,,-69.0,-77.0,-79.0
1899-12-30 15:56:00,-77.0,-72.0,-88.0,,,
1899-12-30 15:56:01,,-72.0,-88.0,-70.0,-75.5,-78.0
1899-12-30 15:56:02,-85.0,-72.0,,-68.0,-74.0,-77.0
1899-12-30 15:56:04,-85.0,-72.0,-88.0,,,
1899-12-30 15:56:05,-77.0,-72.0,-88.0,-73.0,-73.0,-74.0
1899-12-30 15:56:06,-77.0,-69.0,,-68.0,-72.0,-71.0
1899-12-30 15:56:07,-77.0,-67.0,-88.0,,,
1899-12-30 15:56:09,-77.0,-67.0,-84.5,-74.0,-71.0,-72.5
1899-12-30 15:56:10,-77.0,-73.0,,-76.0,-70.0,-74.0
1899-12-30 15:56:11,-77.0,-73.0,-81.0,,,
1899-12-30 15:56:12,-77.0,-73.0,-81.0,-71.0,-72.0,-74.0
1899-12-30 15:56:14,-79.0,-73.0,,-76.0,-71.0,-70.0
1899-12-30 15:56:15,-79.0,-78.0,-81.0,-72.0,-71.0,-70.0
1899-12-30 15:56:16,-79.0,-78.0,-81.0,-71.0,-73.0,-70.0
1899-12-30 15:56:17,-79.0,-78.0,,,-73.0,-70.0
1899-12-30 15:56:18,-79.0,-77.0,-81.0,,,
1899-12-30 15:56:19,,,-81.0,-72.0,-73.0,-70.0
1899-12-30 15:56:20,-79.0,-77.0,-81.0,-69.0,-73.0,-70.0
1899-12-30 15:56:21,-78.0,-77.0,,,,-66.0
1899-12-30 15:56:22,-78.0,-69.0,-79.0,-69.0,-74.0,-66.0
1899-12-30 15:56:24,-78.0,-68.0,-79.0,-70.0,-74.0,-66.0
1899-12-30 15:56:25,-78.0,-68.0,,,,
1899-12-30 15:56:26,-78.0,-74.0,-79.0,-73.5,-69.0,-74.0
1899-12-30 15:56:27,-78.0,-74.0,,-66.0,-69.0,-74.0
1899-12-30 15:56:29,-78.0,-69.0,-79.0,,,
1899-12-30 15:56:30,-76.0,-69.0,-79.0,-71.0,-69.0,-75.0
1899-12-30 15:56:31,-72.0,-69.0,,-71.0,-69.0,-76.0
1899-12-30 15:56:32,-72.0,-71.0,-79.0,-66.0,-69.0,-76.0
1899-12-30 15:56:34,-72.0,-70.0,-79.0,-70.0,-69.0,-76.0
1899-12-30 15:56:35,-79.0,-70.0,,,-69.0,-73.0
1899-12-30 15:56:36,-68.0,-70.0,-88.0,-70.0,-61.0,-64.0
1899-12-30 15:56:38,-68.0,-72.0,-88.0,-68.0,-61.0,-64.0
1899-12-30 15:56:39,-68.0,-72.0,,,,-64.0
1899-12-30 15:56:40,-68.0,-72.0,-88.0,-73.0,-61.0,-64.0
1899-12-30 15:56:41,-74.0,-72.0,,-73.0,-81.0,-64.0
1899-12-30 15:56:43,-74.0,-67.0,-88.0,,,
1899-12-30 15:56:44,-74.0,-67.0,-88.0,-67.0,-81.0,-69.0
1899-12-30 15:56:45,-73.0,-67.0,,-67.0,-64.0,-74.0
1899-12-30 15:56:46,-73.0,-69.0,-88.0,,,
1899-12-30 15:56:47,,,-88.0,-72.0,-64.0,-74.0
1899-12-30 15:56:48,-73.0,-69.0,-88.0,-71.0,-64.0,-74.0
1899-12-30 15:56:49,-78.0,-69.0,,-71.0,-64.0,-71.0
1899-12-30 15:56:50,-78.0,-79.0,-88.0,-73.0,-64.0,-71.0
1899-12-30 15:56:52,-78.0,-70.0,-88.0,-73.0,-64.0,-71.0
1899-12-30 15:56:53,-78.0,-70.0,,,,-71.0
1899-12-30 15:56:54,-78.0,,-88.0,-70.0,-68.0,-71.0
1899-12-30 15:56:56,-78.0,-76.0,-88.0,-75.0,-72.0,-71.0
1899-12-30 15:56:57,-78.0,-76.0,,,,
1899-12-30 15:56:58,-72.0,-76.0,-88.0,-75.0,-67.5,-71.0
1899-12-30 15:56:59,-72.0,-86.0,,-72.0,-63.0,-71.0
1899-12-30 15:57:01,-72.0,-75.0,-88.0,-75.0,-63.0,-71.0
1899-12-30 15:57:02,-76.0,-75.0,-88.0,-75.0,-63.0,-75.0
1899-12-30 15:57:03,-76.0,-75.0,,,,-75.0
1899-12-30 15:57:04,-76.0,-77.0,-88.0,-70.0,-73.0,-75.0
1899-12-30 15:57:06,-76.0,-77.0,,-69.0,-73.0,-75.0
1899-12-30 15:57:07,-76.0,-77.0,-88.0,-69.0,-71.0,-66.0
1899-12-30 15:57:08,-76.0,-74.0,-88.0,-69.0,-71.0,-66.0
1899-12-30 15:57:10,-76.0,-76.0,,,-71.0,-66.0
1899-12-30 15:57:11,-78.0,-76.0,-88.0,-72.5,-73.0,-66.0
1899-12-30 15:57:12,-78.0,-75.0,-88.0,-76.0,-75.0,-66.0
1899-12-30 15:57:14,-78.0,-76.0,,,,
1899-12-30 15:57:15,-78.0,-76.0,-85.5,-71.5,-74.0,-70.0
1899-12-30 15:57:16,-72.0,-76.0,,-76.0,-71.0,-74.0
1899-12-30 15:57:17,-72.0,-76.0,-83.0,-74.0,-71.0,-74.0
1899-12-30 15:57:19,-72.0,-73.0,-83.0,-67.0,-71.0,-74.0
1899-12-30 15:57:20,-78.0,-73.0,,,,-63.0
1899-12-30 15:57:21,-78.0,-78.0,-83.0,-70.5,-73.0,-63.0
1899-12-30 15:57:22,-78.0,-74.0,,-77.0,-73.0,-63.0
1899-12-30 15:57:24,-78.0,-74.0,-83.0,,,
1899-12-30 15:57:25,-78.0,-77.0,-83.0,-77.0,-80.0,-72.0
1899-12-30 15:57:26,-78.0,-76.0,,-67.0,-78.0,-72.0
1899-12-30 15:57:27,-78.0,-76.0,-83.0,,,
1899-12-30 15:57:28,,,-83.0,-67.0,-78.0,-72.0
1899-12-30 15:57:29,-73.0,-76.0,-83.0,-67.0,-68.0,-78.0
1899-12-30 15:57:30,-73.0,-71.0,,,,
1899-12-30 15:57:31,-73.0,-71.0,-83.0,-68.0,-68.0,-78.0
1899-12-30 15:57:32,-70.0,-71.0,,-68.0,-77.0,-61.0
1899-12-30 15:57:34,-70.0,-78.0,-83.0,-71.0,-77.0,-61.0
1899-12-30 15:57:35,-70.0,-78.0,-83.0,-67.0,-77.0,-61.0
1899-12-30 15:57:36,-78.0,-78.0,,,,-75.0
1899-12-30 15:57:37,-78.0,,-83.0,-67.0,,
1899-12-30 15:57:38,,,-83.0,-67.0,-61.0,-75.0
1899-12-30 15:57:39,-78.0,-70.0,-83.0,-67.0,-61.0,-75.0
1899-12-30 15:57:40,-78.0,-70.0,,,,
1899-12-30 15:57:41,,,-83.0,-63.0,-61.0,-75.0
1899-12-30 15:57:42,-74.0,-70.0,-83.0,-63.0,-70.0,-76.0
1899-12-30 15:57:43,-74.0,-72.0,,-69.0,-70.0,-76.0
1899-12-30 15:57:44,-74.0,-72.0,-83.0,-69.0,-70.0,-76.0
1899-12-30 15:57:46,-71.0,-72.0,-83.0,-69.0,-66.0,-74.0
1899-12-30 15:57:47,-71.0,-79.0,,,,-74.0
1899-12-30 15:57:48,-78.0,-79.0,-83.0,-65.0,-69.5,-74.0
1899-12-30 15:57:49,-78.0,-80.0,,-65.0,-66.0,-62.0
1899-12-30 15:57:51,-78.0,-74.0,-83.0,-66.0,-66.0,-62.0
1899-12-30 15:57:52,-77.0,-74.0,-83.0,-66.0,-75.0,-62.0
1899-12-30 15:57:53,-76.0,-74.0,,,-70.0,-68.0
1899-12-30 15:57:55,-76.0,-70.0,-83.0,-66.5,-70.0,-68.0
1899-12-30 15:57:56,-76.0,-70.0,-83.0,-67.0,-75.0,-73.0
1899-12-30 15:57:57,-76.0,-70.0,,,,
1899-12-30 15:57:58,,,-83.0,-67.0,-75.0,-73.0
1899-12-30 15:57:59,-76.0,-74.0,-83.0,-66.0,-75.0,-73.0
1899-12-30 15:58:00,-76.0,-74.0,,-66.0,-75.0,-73.0
1899-12-30 15:58:01,-77.0,-74.0,-90.0,-66.0,-74.0,-66.0
1899-12-30 15:58:02,-77.0,-73.0,-90.0,-66.0,-74.0,-66.0
1899-12-30 15:58:04,-77.0,-79.0,,,,-66.0
1899-12-30 15:58:05,-78.0,-79.0,-90.0,-76.0,-74.0,-77.0
1899-12-30 15:58:06,-78.0,-79.0,,-75.0,-74.0,-77.0
1899-12-30 15:58:07,-78.0,-72.0,-90.0,,,
1899-12-30 15:58:09,-73.0,-72.0,-90.0,-68.0,-68.5,-75.0
1899-12-30 15:58:10,-73.0,-73.0,,-68.0,-63.0,-72.0
1899-12-30 15:58:11,-73.0,-74.0,-90.0,-66.0,-63.0,-72.0
1899-12-30 15:58:12,-73.0,-74.0,-90.0,-66.0,-72.0,-72.0
1899-12-30 15:58:14,-73.0,-74.0,,,,
1899-12-30 15:58:15,-73.0,-70.0,-90.0,-67.5,-72.0,-78.0
1899-12-30 15:58:16,-73.0,-70.0,,-67.0,-72.0,-78.0
1899-12-30 15:58:17,-73.0,-70.0,-90.0,-67.0,-81.0,-64.0
1899-12-30 15:58:19,-73.0,-73.0,-90.0,-67.0,-81.0,-64.0
1899-12-30 15:58:20,-73.0,-70.0,,,,-64.0
1899-12-30 15:58:21,-73.0,,-90.0,-71.0,-71.0,-65.0
1899-12-30 15:58:23,-73.0,-71.0,-90.0,-68.0,-71.0,-65.0
1899-12-30 15:58:24,-73.0,-71.0,,,,
1899-12-30 15:58:25,-78.0,-71.0,-82.0,-66.0,-69.0,-69.5
1899-12-30 15:58:26,-78.0,-75.0,,-74.0,-67.0,-74.0
1899-12-30 15:58:28,-78.0,-69.0,-82.0,-68.0,-67.0,-74.0
1899-12-30 15:58:29,-78.0,-69.0,-82.0,-68.0,-68.0,-75.0
1899-12-30 15:58:30,-78.0,-69.0,,,,-75.0
1899-12-30 15:58:32,-78.0,-69.0,-82.0,-73.0,-68.0,-75.0
1899-12-30 15:58:33,-78.0,-69.0,,-73.0,-71.0,-63.0
1899-12-30 15:58:34,-78.0,-74.0,-82.0,-69.0,-71.0,-63.0
1899-12-30 15:58:36,-78.0,-73.0,-82.0,-64.0,-73.0,-73.0
1899-12-30 15:58:37,-78.0,-73.0,,,-73.0,-63.0
1899-12-30 15:58:38,-78.0,-73.0,-82.0,-68.0,-73.0,-63.0
1899-12-30 15:58:39,-78.0,-73.0,-82.0,-71.0,-73.0,-63.0
1899-12-30 15:58:41,-84.0,-73.0,,,,
1899-12-30 15:58:42,-84.0,-70.0,-82.0,-70.0,-69.0,-73.0
1899-12-30 15:58:43,-84.0,-70.0,,-73.0,-69.0,-73.0
1899-12-30 15:58:45,-80.0,-70.0,-82.0,-73.0,-70.0,-80.0
1899-12-30 15:58:46,-80.0,-73.0,-82.0,-68.0,-70.0,-80.0
1899-12-30 15:58:47,-80.0,-76.0,,,,-80.0
1899-12-30 15:58:49,-80.0,-76.0,-82.0,-71.0,-67.5,-80.0
1899-12-30 15:58:50,-80.0,-75.0,,-73.0,-65.0,-80.0
1899-12-30 15:58:51,-80.0,-75.0,-82.0,,,
1899-12-30 15:58:52,,,-82.0,-67.0,-65.0,-80.0
1899-12-30 15:58:53,-75.0,-75.0,-82.0,-67.0,-63.0,-66.0
1899-12-30 15:58:54,-75.0,-74.0,,-74.0,-63.0,-66.0
1899-12-30 15:58:55,-75.0,-74.0,-82.0,-71.0,-63.0,-66.0
1899-12-30 15:58:56,-75.0,-74.0,-82.0,-71.0,-63.0,-66.0
1899-12-30 15:58:58,-75.0,-78.0,,,,
1899-12-30 15:58:59,-78.0,-78.0,-82.0,-72.5,-68.0,-73.0
1899-12-30 15:59:00,-78.0,-75.0,,-72.0,-73.0,-65.0
1899-12-30 15:59:02,-78.0,-69.0,-82.0,-66.0,-73.0,-65.0
1899-12-30 15:59:03,-78.0,-69.0,-82.0,-70.0,-74.0,-65.0
1899-12-30 15:59:04,-78.0,-69.0,,,,-65.0
1899-12-30 15:59:05,-78.0,,-82.0,-70.0,,
1899-12-30 15:59:06,,,-82.0,-67.0,-65.0,-65.0
1899-12-30 15:59:07,-78.0,-69.0,-82.0,-67.0,-71.0,-73.0
1899-12-30 15:59:08,-75.0,-74.0,,,,
1899-12-30 15:59:09,-75.0,-71.0,-82.0,-66.5,-77.0,-73.0
1899-12-30 15:59:11,-75.0,-71.0,,-72.0,-77.0,-73.0
1899-12-30 15:59:12,-77.0,-71.0,-82.0,-72.0,-72.0,-73.0
1899-12-30 15:59:13,-77.0,-71.0,-82.0,-68.0,-72.0,-73.0
1899-12-30 15:59:14,-77.0,-73.0,,,,-73.0
1899-12-30 15:59:16,-79.0,-73.0,-82.0,-68.0,-73.5,-78.0
1899-12-30 15:59:17,-79.0,-73.0,,-68.0,-75.0,-78.0
1899-12-30 15:59:18,-79.0,-71.0,-82.0,,,
1899-12-30 15:59:20,-75.0,-71.0,-82.0,-66.0,-77.5,-75.5
1899-12-30 15:59:21,-75.0,-70.0,,,-80.0,-73.0
1899-12-30 15:59:22,-75.0,-70.0,-83.5,-65.5,-80.0,-73.0
1899-12-30 15:59:24,-74.0,-70.0,-83.0,-66.0,-74.0,-65.0
1899-12-30 15:59:25,-74.0,-72.0,,,,
1899-12-30 15:59:26,-74.0,-72.0,-83.0,-68.0,-74.0,-72.0
1899-12-30 15:59:27,-74.0,-72.0,,-70.0,-74.0,-68.0
1899-12-30 15:59:29,-74.0,-77.0,-83.0,-69.0,-71.0,-68.0
1899-12-30 15:59:30,-74.0,-71.0,-83.0,-74.0,-71.0,-68.0
1899-12-30 15:59:31,-78.0,-71.0,,,,-68.0
1899-12-30 15:59:32,-78.0,,-83.0,-74.0,-71.0,
1899-12-30 15:59:33,,-82.0,-83.0,-72.0,-69.0,-78.0
1899-12-30 15:59:34,-78.0,-79.0,,-68.0,-69.0,-78.0
1899-12-30 15:59:35,-78.0,-79.0,-83.0,,,
1899-12-30 15:59:36,-74.0,-79.0,-83.0,-76.0,-74.5,-77.0
1899-12-30 15:59:38,-74.0,-71.0,,-66.0,-74.0,-76.0
1899-12-30 15:59:39,-77.0,-71.0,-83.0,-66.0,-73.0,-74.0
1899-12-30 15:59:40,-77.0,-71.0,-83.0,-66.0,-69.0,-74.0
1899-12-30 15:59:42,-77.0,-72.0,,,,-74.0
1899-12-30 15:59:43,-77.0,-75.0,-83.0,-77.0,-69.0,-74.0
1899-12-30 15:59:44,-78.0,-75.0,,-77.0,-67.0,-73.0
1899-12-30 15:59:45,-78.0,-76.0,-83.0,-68.0,-77.0,-73.0
1899-12-30 15:59:47,-78.0,-73.0,-83.0,-68.0,-77.0,-73.0
1899-12-30 15:59:48,-78.0,-73.0,,,-65.0,-74.0
1899-12-30 15:59:49,-78.0,-73.0,-83.0,-68.0,-71.0,-74.0
1899-12-30 15:59:51,-78.0,-72.0,-83.0,-67.0,-71.0,-74.0
1899-12-30 15:59:52,-78.0,-72.0,,,,
1899-12-30 15:59:53,-78.0,-66.0,-81.0,-67.0,-71.5,-75.0
1899-12-30 15:59:54,-78.0,-66.0,,-71.0,-69.0,-77.0
1899-12-30 15:59:56,-79.0,-66.0,-84.5,-71.0,-69.0,-73.0
1899-12-30 15:59:57,-79.0,-66.0,-88.0,-71.0,-69.0,-66.0
1899-12-30 15:59:58,-79.0,-75.0,,,,-66.0
1899-12-30 15:59:59,-79.0,-75.0,-88.0,-71.0,-69.0,-66.0
1899-12-30 16:00:01,-79.0,-75.0,,-71.0,-68.0,-69.0
1899-12-30 16:00:02,-79.0,-78.0,-88.0,-71.0,-68.0,-69.0
1899-12-30 16:00:03,-79.0,-70.0,-88.0,-66.0,-68.0,-69.0
1899-12-30 16:00:04,-77.0,-70.0,,,,-71.0
1899-12-30 16:00:06,-77.0,-70.0,-88.0,-66.0,-70.0,-71.0
1899-12-30 16:00:07,-77.0,-70.0,,-69.0,-70.0,-71.0
1899-12-30 16:00:08,-77.0,-70.0,-88.0,-69.0,-70.0,-71.0
1899-12-30 16:00:10,-75.0,-84.0,-88.0,-69.0,-64.0,-69.0
1899-12-30 16:00:11,-75.0,-79.0,,,,-69.0
1899-12-30 16:00:12,-75.0,-79.0,-88.0,-69.0,-64.0,-69.0
1899-12-30 16:00:13,-78.0,-75.0,,-65.0,-75.0,-71.0
1899-12-30 16:00:14,-78.0,-74.0,-88.0,,,
1899-12-30 16:00:15,,,-88.0,-65.0,-75.0,-71.0
1899-12-30 16:00:16,-78.0,-71.0,-88.0,-75.0,-75.0,-71.0
1899-12-30 16:00:17,-76.0,-71.0,,,,-70.0
1899-12-30 16:00:18,-76.0,-72.0,-88.0,-70.0,-66.0,-70.0
1899-12-30 16:00:20,-76.0,-72.0,,-73.0,-66.0,-70.0
1899-12-30 16:00:21,-76.0,-72.0,-88.0,-73.0,-72.0,-78.0
1899-12-30 16:00:22,-76.0,-74.0,-88.0,-69.0,-72.0,-78.0
1899-12-30 16:00:24,-76.0,-74.0,,,,-78.0
1899-12-30 16:00:25,-76.0,-74.0,-88.0,-71.0,-74.0,-78.0
1899-12-30 16:00:26,-76.0,-70.0,,-71.0,-76.0,-78.0
1899-12-30 16:00:27,-76.0,-76.0,-88.0,-65.0,-76.0,-78.0
1899-12-30 16:00:29,-76.0,-76.0,-88.0,-65.0,-76.0,-78.0
1899-12-30 16:00:30,-76.0,-76.0,,,,
1899-12-30 16:00:31,-76.0,-73.0,-88.0,-66.5,-76.0,-78.0
1899-12-30 16:00:33,-76.0,-75.0,,,-74.0,-74.0
1899-12-30 16:00:34,-75.0,,-88.0,-75.0,-69.0,-75.0
1899-12-30 16:00:35,-75.0,-80.0,,-66.0,-69.0,-75.0
1899-12-30 16:00:37,-75.0,-80.0,-88.0,-66.0,-72.0,-75.0
1899-12-30 16:00:38,-75.0,-68.0,-88.0,-66.0,-66.0,-71.0
1899-12-30 16:00:39,-75.0,-76.0,,,,
1899-12-30 16:00:41,-75.0,-76.0,-88.0,-72.0,-66.0,-75.0
1899-12-30 16:00:42,-76.0,-79.0,,,-68.0,-68.0
1899-12-30 16:00:43,-76.0,,-88.0,-66.0,-68.0,-68.0
1899-12-30 16:00:45,-76.0,-74.0,,-66.0,-68.0,-68.0
1899-12-30 16:00:46,-76.0,-74.0,-88.0,-66.0,-70.0,-78.0
1899-12-30 16:00:47,-76.0,-74.0,-88.0,-68.0,-70.0,-78.0
1899-12-30 16:00:48,-76.0,-74.0,,,,
1899-12-30 16:00:50,-75.0,-74.0,-88.0,-72.0,-66.5,-73.0
1899-12-30 16:00:51,-75.0,-79.0,,-72.0,-63.0,-73.0
1899-12-30 16:00:52,-75.0,-78.0,-88.0,-72.0,-63.0,-73.0
1899-12-30 16:00:54,-78.0,-78.0,,-72.0,-67.0,-78.0
1899-12-30 16:00:55,-78.0,-77.0,-88.0,-72.0,-67.0,-78.0
1899-12-30 16:00:56,-78.0,-77.0,-88.0,-67.0,-67.0,-78.0
1899-12-30 16:00:57,-78.0,-77.0,,,,-78.0
1899-12-30 16:00:59,-77.0,-77.0,-88.0,-67.0,-71.0,-78.0
1899-12-30 16:01:00,-77.0,-75.0,,-74.0,-75.0,-78.0
1899-12-30 16:01:01,-77.0,-70.0,-88.0,-69.0,-75.0,-78.0
1899-12-30 16:01:03,-77.0,-70.0,,-69.0,-75.0,-78.0
1899-12-30 16:01:04,-77.0,-70.0,-88.0,-69.0,-72.0,-78.0
1899-12-30 16:01:05,-77.0,-74.0,-88.0,-66.0,-72.0,-78.0
1899-12-30 16:01:06,-77.0,-72.0,,,,-78.0
1899-12-30 16:01:08,-77.0,-72.0,-88.0,-68.0,-71.0,-67.0
1899-12-30 16:01:09,-77.0,-72.0,,-71.0,-70.0,-67.0
1899-12-30 16:01:11,-77.0,-72.0,-88.0,-73.0,-70.0,-67.0
1899-12-30 16:01:12,-79.0,-72.0,,-73.0,-70.0,-68.0
1899-12-30 16:01:13,-79.0,-72.0,-88.0,-74.0,-72.0,-68.0
1899-12-30 16:01:15,-79.0,-76.0,-88.0,-80.0,-72.0,-68.0
1899-12-30 16:01:16,-79.0,-76.0,,,,-68.0
1899-12-30 16:01:17,-74.0,-76.0,-88.0,-80.0,-71.5,-65.0
1899-12-30 16:01:18,-74.0,-73.0,,,-71.0,-65.0
1899-12-30 16:01:20,-74.0,-69.0,-88.0,-67.5,-71.0,-65.0
1899-12-30 16:01:21,-79.0,-69.0,,-69.0,-74.0,-73.0
1899-12-30 16:01:22,-73.0,-69.0,-88.0,-69.0,-64.0,-80.0
1899-12-30 16:01:24,-73.0,-78.0,-88.0,-65.0,-64.0,-80.0
1899-12-30 16:01:25,-73.0,-78.0,-88.0,-71.0,-64.0,-80.0
1899-12-30 16:01:26,-80.0,-78.0,-88.0,-71.0,-73.0,-79.0
1899-12-30 16:01:28,-80.0,-78.0,,,,
1899-12-30 16:01:29,-80.0,-78.0,-88.0,-69.0,-73.0,-79.0
1899-12-30 16:01:30,-79.0,-78.0,,,,-77.0
1899-12-30 16:01:32,-79.0,-76.0,-88.0,-68.0,-74.0,-77.0
1899-12-30 16:01:33,-79.0,-70.0,,-66.0,-74.0,-77.0
1899-12-30 16:01:34,-70.0,-70.0,-88.0,-66.0,-66.0,-75.0
1899-12-30 16:01:35,-70.0,-79.0,,-67.0,-66.0,-75.0
1899-12-30 16:01:37,-70.0,-79.0,-88.0,-76.0,-66.0,-75.0
1899-12-30 16:01:38,-78.0,-79.0,-88.0,-76.0,-71.0,-70.0
1899-12-30 16:01:39,-78.0,-78.0,-88.0,-76.0,-71.0,-70.0
1899-12-30 16:01:41,-78.0,-78.0,-88.0,-65.0,-71.0,-70.0
1899-12-30 16:01:42,-71.0,-78.0,,,,-76.0
1899-12-30 16:01:43,-71.0,-72.0,-88.0,-65.0,-74.0,-76.0
1899-12-30 16:01:45,-71.0,-76.0,,,-74.0,-76.0
1899-12-30 16:01:46,-78.0,-76.0,-87.0,-67.0,-79.0,-73.0
1899-12-30 16:01:47,-73.0,-85.0,,-67.0,-79.0,-78.0
1899-12-30 16:01:48,-73.0,-73.0,-86.0,-64.0,-79.0,-78.0
1899-12-30 16:01:50,-73.0,-73.0,-86.0,-64.0,-79.0,-78.0
1899-12-30 16:01:51,-77.0,-73.0,-86.0,-64.0,-72.0,-74.0
1899-12-30 16:01:52,-77.0,-74.0,-86.0,-64.0,-72.0,-74.0
1899-12-30 16:01:54,-77.0,-77.0,-86.0,-71.0,-72.0,-74.0
1899-12-30 16:01:55,-76.0,-77.0,-86.0,-71.0,-69.0,-75.0
1899-12-30 16:01:56,-76.0,-77.0,,,,-75.0
1899-12-30 16:01:57,-76.0,-72.0,-86.0,-74.0,-69.0,-75.0
1899-12-30 16:01:59,-83.0,-72.0,,,,-73.0
1899-12-30 16:02:00,-83.0,-82.0,-86.0,-71.0,-75.0,-73.0
1899-12-30 16:02:01,-83.0,-73.0,,,-75.0,-73.0
1899-12-30 16:02:02,,-73.0,-86.0,-72.0,-64.0,-78.0
1899-12-30 16:02:04,-79.0,-74.0,,-75.0,-64.0,-78.0
1899-12-30 16:02:05,-79.0,,-86.0,-66.0,-64.0,-78.0
1899-12-30 16:02:06,-79.0,-74.0,,-66.0,-64.0,-76.0
1899-12-30 16:02:08,-79.0,-75.0,-86.0,-66.0,-64.0,-76.0
1899-12-30 16:02:09,-79.0,-77.0,,-69.0,-64.0,-76.0
1899-12-30 16:02:10,-71.0,-77.0,-86.0,-69.0,-75.0,-76.0
1899-12-30 16:02:12,-72.0,-77.0,-86.0,-67.0,-75.0,-65.0
1899-12-30 16:02:13,-72.0,-77.0,-86.0,-70.0,-75.0,-65.0
1899-12-30 16:02:14,-72.0,-77.0,-86.0,-70.0,-75.0,-65.0
1899-12-30 16:02:16,-79.0,-77.0,-86.0,-70.0,-75.0,-71.0
1899-12-30 16:02:17,-79.0,-77.0,-86.0,-74.0,-75.0,-71.0
1899-12-30 16:02:18,-79.0,-71.0,-86.0,-70.0,-75.0,-71.0
1899-12-30 16:02:19,-73.0,-71.0,-86.0,-70.0,-75.0,-65.0
1899-12-30 16:02:21,-73.0,-69.0,,,,-65.0
1899-12-30 16:02:22,-73.0,-70.0,-86.0,-68.5,-75.0,-65.0
1899-12-30 16:02:23,-73.0,-70.0,,,,-65.0
1899-12-30 16:02:24,-79.0,-70.0,-86.0,-68.0,-73.0,-68.0
1899-12-30 16:02:26,-79.0,-70.0,,,-73.0,-68.0
1899-12-30 16:02:27,-79.0,-73.0,-86.0,-65.0,-73.0,-68.0
1899-12-30 16:02:28,-79.0,-73.0,,-65.0,-73.0,-68.0
1899-12-30 16:02:30,-78.0,-73.0,-86.0,-65.0,-64.0,-76.0
1899-12-30 16:02:31,-78.0,-79.0,,-70.0,-64.0,-76.0
1899-12-30 16:02:32,-78.0,-78.0,-86.0,-76.0,-64.0,-76.0
1899-12-30 16:02:34,-78.0,-78.0,,-76.0,-62.0,-75.0
1899-12-30 16:02:35,-78.0,-73.0,-86.0,-66.0,-70.0,-70.0
1899-12-30 16:02:36,-78.0,-76.0,-86.0,-77.0,-70.0,-70.0
1899-12-30 16:02:38,-75.0,-76.0,-89.0,-77.0,-74.0,-73.0
1899-12-30 16:02:39,-75.0,-77.0,-89.0,-64.0,-82.0,-73.0
1899-12-30 16:02:40,-75.0,-68.0,-89.0,-76.0,-82.0,-73.0
1899-12-30 16:02:42,-82.0,-68.0,-89.0,-76.0,-75.0,-79.0
1899-12-30 16:02:43,-82.0,-70.0,,,,
1899-12-30 16:02:44,-82.0,-70.0,-89.0,-65.0,-75.0,-79.0
1899-12-30 16:02:45,-76.0,-70.0,,,,-79.0
1899-12-30 16:02:47,-80.0,-73.0,-89.0,-74.0,-73.0,-71.0
1899-12-30 16:02:48,-80.0,-76.0,,,-73.0,-71.0
1899-12-30 16:02:49,,-76.0,-89.0,-68.0,-69.0,-72.0
1899-12-30 16:02:51,-80.0,-72.0,,-66.0,-69.0,-78.0
1899-12-30 16:02:52,-80.0,-74.0,-89.0,-71.0,-69.0,-78.0
1899-12-30 16:02:53,-79.0,-74.0,,-71.0,-72.0,-72.0
1899-12-30 16:02:55,-79.0,-72.0,-89.0,-64.0,-74.0,-72.0
1899-12-30 16:02:56,-79.0,-71.0,,-66.0,-74.0,-72.0
1899-12-30 16:02:57,-76.0,-71.0,-89.0,-66.0,-69.0,-63.0
1899-12-30 16:02:59,-76.0,-75.0,-89.0,-66.0,-69.0,-63.0
1899-12-30 16:03:00,-76.0,-75.0,-89.0,-70.0,-69.0,-63.0
1899-12-30 16:03:01,-70.0,-75.0,-89.0,-70.0,-69.0,-65.0
1899-12-30 16:03:02,-70.0,-71.0,,,,
1899-12-30 16:03:03,,,-89.0,-68.0,-69.0,-65.0
1899-12-30 16:03:04,-70.0,-81.0,-89.0,-68.0,-69.0,-65.0
1899-12-30 16:03:05,-68.0,-81.0,-79.0,-68.0,-72.0,-63.0
1899-12-30 16:03:06,-68.0,-78.0,-79.0,-68.0,-68.0,-63.0
1899-12-30 16:03:08,-68.0,-78.0,-79.0,-77.0,-68.0,-63.0
1899-12-30 16:03:09,-78.0,-78.0,-79.0,-77.0,-72.0,-71.0
1899-12-30 16:03:10,-78.0,-76.0,-79.0,-73.0,-72.0,-71.0
1899-12-30 16:03:12,-78.0,-70.0,-79.0,-64.0,-72.0,-71.0
1899-12-30 16:03:13,-77.0,-70.0,-89.0,-64.0,-65.0,-60.0
1899-12-30 16:03:14,-77.0,-78.0,-89.0,-75.0,-72.0,-60.0
1899-12-30 16:03:15,-77.0,-71.0,,,,
1899-12-30 16:03:16,,,-89.0,-66.0,-72.0,-60.0
1899-12-30 16:03:17,-71.0,-71.0,-89.0,-66.0,-68.0,-63.0
1899-12-30 16:03:18,-71.0,-74.0,-89.0,-69.0,-68.0,-63.0
1899-12-30 16:03:19,-71.0,-70.0,-89.0,-71.0,-68.0,-63.0
1899-12-30 16:03:20,-72.0,-70.0,,,,
1899-12-30 16:03:21,,,-89.0,-71.0,-73.0,-63.0
1899-12-30 16:03:22,-72.0,-88.0,-89.0,-71.0,-73.0,-63.0
1899-12-30 16:03:23,-72.0,-83.0,-89.0,-67.0,-73.0,-63.0
1899-12-30 16:03:24,-79.0,-83.0,-89.0,-67.0,-73.0,-73.0
1899-12-30 16:03:26,-75.0,-82.0,-89.0,-75.0,-73.0,-80.0
1899-12-30 16:03:27,-75.0,-82.0,-89.0,-71.0,-73.0,-80.0
1899-12-30 16:03:28,-71.0,-82.0,,,,
1899-12-30 16:03:29,,,-89.0,-71.0,-73.0,-80.0
1899-12-30 16:03:30,-71.0,-80.0,-89.0,-77.0,-73.0,-80.0
1899-12-30 16:03:31,-71.0,-80.0,-89.0,-70.0,-73.0,-80.0
1899-12-30 16:03:32,-71.0,-80.0,-78.0,-70.0,-70.0,-80.0
1899-12-30 16:03:34,-71.0,-75.0,-78.0,-71.0,-70.0,-80.0
1899-12-30 16:03:35,-71.0,-69.0,-78.0,-67.0,-70.0,-80.0
1899-12-30 16:03:36,-79.0,-69.0,-78.0,-67.0,-70.0,-72.0
1899-12-30 16:03:37,-70.0,-69.0,-78.0,-67.0,-70.0,-73.0
1899-12-30 16:03:39,-70.0,-75.0,-78.0,-60.0,-70.0,-73.0
1899-12-30 16:03:40,-70.0,-75.0,-78.0,-60.0,-75.0,-74.0
1899-12-30 16:03:42,-70.0,-75.0,-78.0,-60.0,-75.0,-82.0
1899-12-30 16:03:43,-70.0,-72.0,-78.0,-65.0,-75.0,-82.0
1899-12-30 16:03:44,-70.0,-72.0,-78.0,-65.0,-75.0,
1899-12-30 16:03:46,-78.0,-82.0,-78.0,-65.0,-73.0,-73.0
1899-12-30 16:03:47,-78.0,-71.0,,,,
1899-12-30 16:03:48,-78.0,-71.0,-78.0,-67.5,-73.0,-73.0
1899-12-30 16:03:50,-78.0,-71.0,,,,-74.0
1899-12-30 16:03:51,-78.0,-71.0,-78.0,-67.0,-80.0,-74.0
1899-12-30 16:03:52,-78.0,-71.0,,,,-73.0
1899-12-30 16:03:54,-72.0,-68.0,-78.0,-67.5,-72.0,-62.0
1899-12-30 16:03:55,-72.0,-74.0,,,,-62.0
1899-12-30 16:03:56,-78.0,-74.0,-79.5,-66.0,-73.0,-75.0
1899-12-30 16:03:58,-77.0,-74.0,,,,-65.0
1899-12-30 16:03:59,-77.0,-72.0,-83.0,-71.5,-74.0,-65.0
1899-12-30 16:04:00,-77.0,-72.0,,,,-78.0
1899-12-30 16:04:01,-77.0,-72.0,-85.0,-70.0,-71.5,-78.0
1899-12-30 16:04:03,-77.0,-72.0,,,,-78.0
1899-12-30 16:04:04,-69.0,-72.0,-85.0,-72.0,-67.0,-73.0
1899-12-30 16:04:05,-71.0,-72.0,,,,-73.0
1899-12-30 16:04:06,,,-85.0,-72.0,-81.0,
1899-12-30 16:04:07,-71.0,-75.0,-85.0,-66.0,-81.0,-73.0
1899-12-30 16:04:08,-71.0,-75.0,,,,-69.0
1899-12-30 16:04:09,-71.0,-75.0,-85.0,-66.0,-72.0,-69.0
1899-12-30 16:04:11,-71.0,-75.0,,,,-69.0
1899-12-30 16:04:12,-78.0,-75.0,-85.0,-66.0,-68.0,-64.0
1899-12-30 16:04:13,-78.0,-81.0,,,-68.0,-64.0
1899-12-30 16:04:15,-78.0,-75.0,-85.0,-71.0,-68.0,-64.0
1899-12-30 16:04:16,-78.0,-75.0,,,-63.0,-68.0
1899-12-30 16:04:17,-78.0,-75.0,-85.0,-68.5,-63.0,-68.0
1899-12-30 16:04:18,-78.0,-75.0,,,-63.0,-68.0
1899-12-30 16:04:20,-83.0,-75.0,-87.0,-67.0,-76.0,-70.0
1899-12-30 16:04:21,-83.0,-75.0,,,-76.0,-70.0
1899-12-30 16:04:22,-83.0,-75.0,-87.0,-69.5,-76.0,-70.0
1899-12-30 16:04:23,-73.0,-83.0,,,,-74.0
1899-12-30 16:04:25,-73.0,-73.0,-87.0,-67.0,-73.0,-74.0
1899-12-30 16:04:26,-73.0,-73.0,,,,-74.0
1899-12-30 16:04:27,,,-87.0,-68.0,-73.0,
1899-12-30 16:04:28,-73.0,-73.0,-87.0,-68.0,-69.0,-68.0
1899-12-30 16:04:29,-73.0,-74.0,-87.0,-66.0,-69.0,
1899-12-30 16:04:30,-73.0,-72.0,-87.0,-67.0,-69.0,-68.0
1899-12-30 16:04:31,-73.0,-72.0,,,,
1899-12-30 16:04:32,,,-90.0,-67.0,-69.0,-68.0
1899-12-30 16:04:33,-73.0,-72.0,-90.0,-67.0,-73.0,-66.0
1899-12-30 16:04:34,-73.0,-74.0,-90.0,-69.0,-73.0,-66.0
1899-12-30 16:04:35,-73.0,-74.0,-75.0,-73.0,-73.0,-66.0
1899-12-30 16:04:36,-69.0,-74.0,,,,
1899-12-30 16:04:37,,,-75.0,-73.0,-73.0,-76.0
1899-12-30 16:04:38,-69.0,-79.0,-75.0,-65.0,-73.0,-76.0
1899-12-30 16:04:39,-69.0,-79.0,-75.0,-68.0,-73.0,-76.0
1899-12-30 16:04:41,-77.0,-79.0,-75.0,-68.0,-74.0,-66.0
1899-12-30 16:04:42,-77.0,-71.0,-75.0,-67.0,-74.0,-66.0
1899-12-30 16:04:43,-77.0,-71.0,,-71.0,-74.0,-66.0
1899-12-30 16:04:44,-77.0,-71.0,-75.0,,,
1899-12-30 16:04:45,,,-83.0,-71.0,-66.0,-66.0
1899-12-30 16:04:46,-77.0,-71.0,,-71.0,-66.0,-66.0
1899-12-30 16:04:47,-77.0,-71.0,-83.0,-73.0,-66.0,-66.0
1899-12-30 16:04:48,-78.0,-71.0,,-73.0,-66.0,-73.0
1899-12-30 16:04:49,-78.0,-71.0,-83.0,-73.0,-66.0,-73.0
1899-12-30 16:04:51,-78.0,-70.0,,-67.0,-66.0,-73.0
1899-12-30 16:04:52,-78.0,-70.0,-86.0,-67.0,-66.0,-73.0
1899-12-30 16:04:54,-78.0,-70.0,,-67.0,-66.0,-73.0
1899-12-30 16:04:55,-78.0,-75.0,-89.0,-70.0,-66.0,-73.0
1899-12-30 16:04:56,-78.0,-75.0,,,-66.0,-73.0
1899-12-30 16:04:58,-78.0,-75.0,-89.0,-70.0,-63.0,-73.0
1899-12-30 16:04:59,-78.0,-75.0,,,,-73.0
1899-12-30 16:05:00,-79.0,-75.0,-89.0,-71.0,-63.0,-75.0
1899-12-30 16:05:02,-79.0,-75.0,,,,-75.0
1899-12-30 16:05:03,-79.0,-80.0,-89.0,-75.0,-77.0,-75.0
1899-12-30 16:05:04,-79.0,-80.0,-84.0,-75.0,-77.0,-75.0
1899-12-30 16:05:06,-71.0,-80.0,-84.0,-75.0,-70.0,-72.0
1899-12-30 16:05:07,-71.0,-80.0,-84.0,-75.0,-70.0,-72.0
1899-12-30 16:05:08,-71.0,-76.0,-84.0,-67.0,-70.0,-72.0
1899-12-30 16:05:09,-79.0,-76.0,,,,
1899-12-30 16:05:10,,,-80.0,-67.0,-73.0,-73.0
1899-12-30 16:05:11,-86.0,-76.0,-80.0,-68.0,-73.0,-73.0
1899-12-30 16:05:12,-86.0,-72.0,-80.0,-58.0,-73.0,-73.0
1899-12-30 16:05:13,-79.0,-72.0,,-76.0,-73.0,-73.0
1899-12-30 16:05:15,-74.0,-72.0,-80.0,-76.0,-73.0,-64.0
1899-12-30 16:05:16,-74.0,-72.0,,-64.0,-73.0,-64.0
1899-12-30 16:05:17,,-72.0,-80.0,-64.0,-70.0,-75.0
1899-12-30 16:05:18,-74.0,-72.0,,,-63.0,-75.0
1899-12-30 16:05:20,-74.0,-79.0,-80.0,-68.0,-63.0,-75.0
1899-12-30 16:05:21,-78.0,-79.0,-80.0,-72.0,-72.0,-75.0
1899-12-30 16:05:23,-78.0,-71.0,-80.0,-70.0,-72.0,-75.0
1899-12-30 16:05:24,-78.0,-71.0,-80.0,-67.0,-72.0,-75.0
1899-12-30 16:05:25,-77.0,-71.0,-80.0,-67.0,-74.0,-73.0
1899-12-30 16:05:26,-74.0,-76.0,,,,
1899-12-30 16:05:27,,,-80.0,-67.0,-68.0,-66.0
1899-12-30 16:05:28,-74.0,-79.0,,-65.0,-68.0,-66.0
1899-12-30 16:05:29,-74.0,-79.0,-83.0,-65.0,-73.0,-66.0
1899-12-30 16:05:30,-77.0,-79.0,,-76.0,-73.0,-78.0
1899-12-30 16:05:32,-77.0,,-83.0,-68.0,-73.0,-78.0
1899-12-30 16:05:33,-77.0,-79.0,,-65.0,-74.0,-78.0
1899-12-30 16:05:34,,,-83.0,,,
1899-12-30 16:05:35,-73.0,-79.0,-83.0,-65.0,-74.0,-74.0
1899-12-30 16:05:36,-73.0,-69.0,,,,-74.0
1899-12-30 16:05:37,-78.0,-69.0,-84.0,-67.0,-74.0,-75.0
1899-12-30 16:05:38,-78.0,-70.0,-85.0,-72.0,-65.0,
1899-12-30 16:05:40,-78.0,-77.0,-85.0,-66.0,-65.0,-75.0
1899-12-30 16:05:41,-78.0,-77.0,-85.0,-66.0,-65.0,-75.0
1899-12-30 16:05:42,-78.0,-77.0,-83.0,-66.0,-74.0,-67.0
1899-12-30 16:05:44,-78.0,-73.0,-83.0,-73.0,-74.0,-67.0
1899-12-30 16:05:45,-78.0,-73.0,,-66.0,-74.0,-67.0
1899-12-30 16:05:46,-78.0,-73.0,-83.0,-66.0,-74.0,-71.0
1899-12-30 16:05:48,-78.0,-74.0,,-71.0,-74.0,-71.0
1899-12-30 16:05:49,-78.0,-74.0,-82.5,-71.0,-74.0,-71.0
1899-12-30 16:05:50,-78.0,-74.0,,,-73.0,-73.0
1899-12-30 16:05:51,,,-82.0,,,
1899-12-30 16:05:52,-78.0,-74.0,-82.0,-68.0,-73.0,-73.0
1899-12-30 16:05:53,-78.0,-74.0,,,,-73.0
1899-12-30 16:05:54,-71.0,-74.0,-84.0,-68.0,-73.0,-68.0
1899-12-30 16:05:56,-71.0,-72.0,-86.0,-67.0,-73.0,-68.0
1899-12-30 16:05:57,-71.0,-72.0,-86.0,-67.0,-73.0,-68.0
1899-12-30 16:05:58,-76.0,-72.0,-86.0,-67.0,-75.0,-81.0
1899-12-30 16:06:00,-76.0,-74.0,-86.0,-65.0,-75.0,-81.0
1899-12-30 16:06:01,-79.0,-74.0,-86.0,-65.0,-73.0,-81.0
1899-12-30 16:06:02,-70.0,-74.0,,-65.0,-76.0,-65.0
1899-12-30 16:06:04,-70.0,-72.0,-86.0,-68.0,-76.0,-65.0
1899-12-30 16:06:05,-78.0,-72.0,,-68.0,-73.0,-65.0
1899-12-30 16:06:06,-73.0,,-86.0,,,
1899-12-30 16:06:07,,-75.0,-86.0,-68.0,-63.0,-78.0
1899-12-30 16:06:08,-73.0,-73.0,,,-63.0,-78.0
1899-12-30 16:06:09,-76.0,-73.0,-86.0,-65.0,-63.0,-66.0
1899-12-30 16:06:10,-76.0,-68.0,-86.0,-68.0,-63.0,-66.0
1899-12-30 16:06:12,-76.0,-74.0,-86.0,-66.0,-63.0,-66.0
1899-12-30 16:06:13,-76.0,-74.0,-86.0,-66.0,-74.0,-69.0
1899-12-30 16:06:14,-76.0,-73.0,-86.0,-67.0,-75.0,-69.0
1899-12-30 16:06:16,-76.0,-73.0,-86.0,-67.0,-75.0,-69.0
1899-12-30 16:06:17,-71.0,-73.0,-81.0,-67.0,-72.0,-74.0
1899-12-30 16:06:18,-71.0,-73.0,-81.0,-70.0,-72.0,-74.0
1899-12-30 16:06:20,-71.0,-73.0,,-72.0,-72.0,-74.0
1899-12-30 16:06:21,-79.0,,-81.0,-72.0,-82.0,-72.0
1899-12-30 16:06:22,-79.0,-74.0,,-67.0,-82.0,-72.0
1899-12-30 16:06:24,-79.0,-75.0,-81.0,-67.0,-82.0,-72.0
1899-12-30 16:06:25,-71.0,-75.0,,,,-75.0
1899-12-30 16:06:26,-71.0,-73.0,-81.0,-66.0,-75.0,-80.0
1899-12-30 16:06:28,-71.0,-73.0,-84.0,-65.0,-75.0,-80.0
1899-12-30 16:06:29,-71.0,-73.0,-84.0,-65.0,-74.0,-66.0
1899-12-30 16:06:30,-71.0,-77.0,-84.0,-70.0,-66.0,-70.0
1899-12-30 16:06:32,-71.0,-74.0,-84.0,-65.0,-66.0,-70.0
1899-12-30 16:06:33,-71.0,-74.0,-84.0,-65.0,-66.0,-64.0
1899-12-30 16:06:34,-82.0,-74.0,,-65.0,-66.0,-64.0
1899-12-30 16:06:36,-82.0,-74.0,-86.0,-76.0,-66.0,-64.0
1899-12-30 16:06:37,-78.0,-74.0,,-76.0,-69.0,-79.0
1899-12-30 16:06:38,-78.0,-74.0,-88.0,-76.0,-69.0,-79.0
1899-12-30 16:06:40,-78.0,-81.0,,-67.0,-69.0,-79.0
1899-12-30 16:06:41,-78.0,-81.0,-88.0,-67.0,-65.0,-73.0
1899-12-30 16:06:42,-74.0,-71.0,-88.0,-71.0,-65.0,-72.0
1899-12-30 16:06:44,-74.0,-70.0,-88.0,-68.0,-65.0,-72.0
1899-12-30 16:06:45,-78.0,-70.0,-88.0,-68.0,-64.0,-72.0
1899-12-30 16:06:46,-78.0,-70.0,-88.0,-68.0,-64.0,-72.0
1899-12-30 16:06:48,-78.0,-72.0,-88.0,-68.0,-64.0,-72.0
1899-12-30 16:06:49,-71.0,-72.0,,-68.0,-73.0,-67.0
1899-12-30 16:06:50,,-72.0,-88.0,-70.0,-73.0,-67.0
1899-12-30 16:06:52,-71.0,-75.0,,,,-67.0
1899-12-30 16:06:53,-78.0,-75.0,-88.0,-67.0,-73.0,-76.0
1899-12-30 16:06:54,-71.0,-71.0,-88.0,-67.0,-73.0,-65.0
1899-12-30 16:06:56,-71.0,-72.0,-88.0,-65.0,-73.0,-65.0
1899-12-30 16:06:57,-78.0,-72.0,-88.0,-70.0,-73.0,-65.0
1899-12-30 16:06:58,-72.0,-72.0,,-70.0,-74.0,-78.0
1899-12-30 16:07:00,-72.0,,-88.0,-67.0,-74.0,-78.0
1899-12-30 16:07:01,-78.0,-72.0,,,-74.0,-78.0
1899-12-30 16:07:02,-78.0,-84.0,-88.0,-71.0,-71.0,-86.0
1899-12-30 16:07:04,-78.0,-84.0,-88.0,-65.0,-71.0,-86.0
1899-12-30 16:07:05,-70.0,-84.0,-88.0,-65.0,-74.0,-78.0
1899-12-30 16:07:06,-70.0,-84.0,-88.0,-65.0,-74.0,-78.0
1899-12-30 16:07:08,-70.0,-76.0,-88.0,-67.0,-74.0,-78.0
1899-12-30 16:07:09,-77.0,-76.0,-88.0,-67.0,-74.0,-75.0
1899-12-30 16:07:10,-68.0,-76.0,,-73.0,-74.0,-70.0
1899-12-30 16:07:12,,-76.0,-88.0,-71.0,-74.0,-70.0
1899-12-30 16:07:13,-68.0,-76.0,,,,-70.0
1899-12-30 16:07:14,-72.0,-76.0,-88.0,-71.0,-69.0,-73.0
1899-12-30 16:07:16,-72.0,-73.0,-88.0,-67.0,-70.0,-73.0
1899-12-30 16:07:17,-72.0,-73.0,-88.0,-67.0,-65.0,-73.0
1899-12-30 16:07:18,-72.0,-74.0,-88.0,-67.0,-72.0,-83.0
1899-12-30 16:07:20,-72.0,-76.0,,-67.0,-72.0,-83.0
1899-12-30 16:07:21,-78.0,-76.0,-88.0,-67.0,-66.0,-76.0
1899-12-30 16:07:22,-78.0,-76.0,,,-66.0,-79.0
1899-12-30 16:07:23,,,-88.0,,,
1899-12-30 16:07:24,-78.0,-76.0,-88.0,-71.0,-66.0,-79.0
1899-12-30 16:07:25,-71.0,-76.0,-88.0,-71.0,-66.0,-66.0
1899-12-30 16:07:26,-71.0,-80.0,-88.0,-70.0,-78.0,-66.0
1899-12-30 16:07:27,-71.0,-72.0,,,,
1899-12-30 16:07:28,,,-88.0,-67.0,-78.0,-66.0
1899-12-30 16:07:29,-74.0,-72.0,,-67.0,-68.0,-69.0
1899-12-30 16:07:30,-75.0,-74.0,-88.0,-67.0,-74.0,-69.0
1899-12-30 16:07:32,-75.0,-77.0,,-67.0,-74.0,-69.0
1899-12-30 16:07:33,-73.0,-77.0,-88.0,-67.0,-64.0,-67.0
1899-12-30 16:07:34,-80.0,-77.0,-88.0,-65.0,-77.0,-80.0
1899-12-30 16:07:36,-80.0,-76.0,-86.0,-67.0,-77.0,-80.0
1899-12-30 16:07:37,-80.0,-76.0,-86.0,-67.0,-78.0,-82.0
1899-12-30 16:07:38,-80.0,-76.0,-86.0,-68.0,-78.0,-82.0
1899-12-30 16:07:39,-80.0,-74.0,,,,
1899-12-30 16:07:40,,,-86.0,-71.0,-78.0,-82.0
1899-12-30 16:07:41,-78.0,-74.0,,-71.0,-73.0,-74.0
1899-12-30 16:07:42,-74.0,-84.0,-86.0,-71.0,-71.0,-73.0
1899-12-30 16:07:43,-74.0,-72.0,,,-71.0,-73.0
1899-12-30 16:07:45,-77.0,-72.0,-86.0,-68.0,-75.0,-78.0
1899-12-30 16:07:46,-77.0,-80.0,-86.0,-71.0,-74.0,
1899-12-30 16:07:47,-77.0,-73.0,-86.0,-70.0,-74.0,-78.0
1899-12-30 16:07:49,-78.0,-73.0,-86.0,-70.0,-72.0,-68.0
1899-12-30 16:07:50,-78.0,-75.0,,-70.0,-72.0,-82.0
1899-12-30 16:07:51,-78.0,-75.0,-86.0,-65.0,-72.0,-82.0
1899-12-30 16:07:53,-77.0,-75.0,,-65.0,-77.0,-79.0
1899-12-30 16:07:54,-77.0,-71.0,-86.0,-68.0,-77.0,-79.0
1899-12-30 16:07:55,-77.0,-71.0,,,,-79.0
1899-12-30 16:07:56,,,-86.0,-75.0,-77.0,
1899-12-30 16:07:57,-77.0,-71.0,-86.0,-75.0,-70.0,-79.0
1899-12-30 16:07:58,-77.0,-74.0,-86.0,-75.0,-70.0,-79.0
1899-12-30 16:08:00,-77.0,-72.0,-86.0,-71.0,-70.0,-79.0
1899-12-30 16:08:01,-74.0,-72.0,-86.0,-71.0,-67.0,-77.0
1899-12-30 16:08:02,-74.0,-75.0,,-66.0,-67.0,-77.0
1899-12-30 16:08:04,-74.0,-75.0,-86.0,-76.0,-67.0,-77.0
1899-12-30 16:08:05,-68.0,-75.0,,,-68.0,-63.0
1899-12-30 16:08:06,-68.0,-74.0,-86.0,-74.0,-68.0,-63.0
1899-12-30 16:08:08,-68.0,-74.0,-86.0,-63.0,-68.0,
1899-12-30 16:08:09,-71.0,-74.0,-86.0,-63.0,-74.0,-65.0
1899-12-30 16:08:10,-71.0,-69.0,-86.0,-63.0,-74.0,-65.0
1899-12-30 16:08:12,-71.0,-74.0,,-66.0,-74.0,-65.0
1899-12-30 16:08:13,-74.0,-74.0,-85.0,-66.0,-75.0,-72.0
1899-12-30 16:08:14,-74.0,-70.0,,-66.0,-78.0,-81.0
1899-12-30 16:08:15,-74.0,-70.0,-84.0,-69.0,-78.0,-81.0
1899-12-30 16:08:17,-78.0,-70.0,-84.0,-69.0,-74.0,-86.0
1899-12-30 16:08:18,-78.0,-78.0,-84.0,-69.0,-74.0,-86.0
1899-12-30 16:08:19,-78.0,-75.0,-84.0,-65.0,-74.0,-86.0
1899-12-30 16:08:21,-78.0,-75.0,-84.0,-65.0,-74.0,-64.0
1899-12-30 16:08:22,-78.0,-75.0,-84.0,-67.0,-73.0,-64.0
1899-12-30 16:08:23,-78.0,-75.0,,-67.0,-73.0,-64.0
1899-12-30 16:08:25,-78.0,-75.0,-83.5,-67.0,-63.0,-74.0
1899-12-30 16:08:26,-74.0,-75.0,,,-63.0,-74.0
1899-12-30 16:08:27,-74.0,-78.0,-83.0,-69.0,-63.0,-74.0
1899-12-30 16:08:29,-70.0,-78.0,-87.0,-69.0,-62.0,-66.0
1899-12-30 16:08:30,-70.0,-78.0,-87.0,-72.0,-62.0,-66.0
1899-12-30 16:08:31,-70.0,-74.0,-87.0,-66.0,-62.0,-66.0
1899-12-30 16:08:33,-75.0,-74.0,,-66.0,-73.0,-73.0
1899-12-30 16:08:34,-75.0,-79.0,-87.0,-72.0,-73.0,-73.0
1899-12-30 16:08:35,-75.0,-75.0,,-70.0,-73.0,-73.0
1899-12-30 16:08:36,,,-87.0,,,
1899-12-30 16:08:37,-70.0,-75.0,-91.0,-70.0,-73.0,-73.0
1899-12-30 16:08:38,-75.0,-75.0,-91.0,-72.0,-74.0,-73.0
1899-12-30 16:08:39,-75.0,-75.0,-91.0,-69.0,-74.0,-73.0
1899-12-30 16:08:40,-74.0,-75.0,-91.0,-69.0,-63.0,-74.0
1899-12-30 16:08:42,-74.0,-71.0,-91.0,-69.0,-63.0,-74.0
1899-12-30 16:08:43,-74.0,-71.0,-91.0,-67.0,-63.0,-74.0
1899-12-30 16:08:44,-71.0,-71.0,,-67.0,-74.0,-67.0
1899-12-30 16:08:46,-71.0,-68.0,-91.0,-71.0,-74.0,-71.0
1899-12-30 16:08:47,-71.0,-72.0,,,-74.0,-71.0
1899-12-30 16:08:48,,,-91.0,-64.0,,
1899-12-30 16:08:49,-81.0,-72.0,-84.0,-64.0,-65.0,-71.0
1899-12-30 16:08:50,-81.0,-77.0,-84.0,-68.0,-65.0,-71.0
1899-12-30 16:08:51,-81.0,-73.0,-84.0,-68.0,-65.0,-71.0
1899-12-30 16:08:52,-70.0,-73.0,,,,
1899-12-30 16:08:53,,,-84.0,-68.0,-67.0,-86.0
1899-12-30 16:08:54,-70.0,-73.0,,-68.0,-67.0,-86.0
1899-12-30 16:08:55,-70.0,-76.0,-84.0,-68.0,-67.0,-86.0
1899-12-30 16:08:57,-72.0,-76.0,,-68.0,-64.0,-70.0
1899-12-30 16:08:58,-72.0,-76.0,-84.0,-73.0,-64.0,-70.0
1899-12-30 16:08:59,-79.0,-76.0,-84.0,-71.0,-73.0,-75.0
1899-12-30 16:09:01,-73.0,-76.0,-84.0,-71.0,-73.0,-75.0
1899-12-30 16:09:02,-73.0,-71.0,-84.0,-66.0,-73.0,-75.0
1899-12-30 16:09:03,-78.0,-71.0,-84.0,-66.0,-73.0,-75.0
1899-12-30 16:09:04,-82.0,-84.0,-84.0,-66.0,-79.0,-77.0
1899-12-30 16:09:06,-82.0,-78.0,,-66.0,-79.0,-77.0
1899-12-30 16:09:07,-78.0,-78.0,-84.0,-76.0,-75.0,-77.0
1899-12-30 16:09:08,-73.0,-78.0,,,,-69.0
1899-12-30 16:09:09,,,-84.0,-76.0,-70.0,
1899-12-30 16:09:10,-73.0,-71.0,-84.0,-76.0,-70.0,-69.0
1899-12-30 16:09:11,-73.0,-71.0,-84.0,-66.0,-70.0,-69.0
1899-12-30 16:09:12,-74.0,-71.0,,-66.0,-81.0,-73.0
1899-12-30 16:09:14,-74.0,-68.0,-84.0,-66.0,-81.0,-73.0
1899-12-30 16:09:15,-74.0,-71.0,-91.0,-70.0,,-73.0
1899-12-30 16:09:16,-68.0,-71.0,-91.0,-70.0,-63.0,-75.0
1899-12-30 16:09:18,-68.0,-69.0,-91.0,-72.0,-63.0,-75.0
1899-12-30 16:09:19,-68.0,-74.0,-91.0,-66.0,-63.0,-75.0
1899-12-30 16:09:20,-70.0,-74.0,,,,
1899-12-30 16:09:21,,,-91.0,-66.0,-80.0,-71.0
1899-12-30 16:09:22,-70.0,-70.0,,-72.0,-80.0,-71.0
1899-12-30 16:09:23,-70.0,-70.0,-91.0,-67.0,-80.0,-71.0
1899-12-30 16:09:25,-70.0,-76.0,-91.0,-67.0,-65.0,-73.0
1899-12-30 16:09:26,-70.0,-72.0,-91.0,-66.0,-65.0,-73.0
1899-12-30 16:09:27,-78.0,-79.0,-91.0,-71.0,-73.0,-74.0
1899-12-30 16:09:29,-73.0,-72.0,,-73.0,-73.0,-72.0
1899-12-30 16:09:30,-73.0,-72.0,-91.0,-89.0,-73.0,-72.0
1899-12-30 16:09:31,-73.0,-72.0,-91.0,-76.0,-73.0,-75.0
1899-12-30 16:09:33,-81.0,-72.0,-91.0,-76.0,-77.0,-75.0
1899-12-30 16:09:34,-81.0,-76.0,-91.0,-67.0,-77.0,-75.0
1899-12-30 16:09:36,-77.0,-76.0,,-76.0,-73.0,-74.0
1899-12-30 16:09:37,-72.0,-76.0,-91.0,-72.0,-80.0,-78.0
1899-12-30 16:09:38,-72.0,-76.0,,,-80.0,-78.0
1899-12-30 16:09:39,,,-91.0,,,
1899-12-30 16:09:40,-76.0,-76.0,-88.0,-65.0,-69.0,-74.0
1899-12-30 16:09:41,-76.0,-76.0,-88.0,-65.0,-73.0,-74.0
1899-12-30 16:09:42,-76.0,-70.0,-88.0,-66.0,-73.0,-74.0
1899-12-30 16:09:44,-75.0,-70.0,-88.0,-66.0,-68.0,-73.0
1899-12-30 16:09:45,-76.0,-74.0,,-67.0,-68.0,-72.0
1899-12-30 16:09:46,-76.0,-74.0,-88.0,-69.0,-68.0,-72.0
1899-12-30 16:09:48,-79.0,-74.0,-83.0,-69.0,-61.0,-67.0
1899-12-30 16:09:49,-79.0,-74.0,-83.0,-69.0,-61.0,-67.0
1899-12-30 16:09:50,-79.0,-74.0,-83.0,-71.0,-61.0,-67.0
1899-12-30 16:09:52,-70.0,-74.0,,-71.0,-66.0,-64.0
1899-12-30 16:09:53,-70.0,-74.0,-83.0,-67.0,-66.0,-64.0
1899-12-30 16:09:54,-70.0,-74.0,-83.0,-68.0,,-64.0
1899-12-30 16:09:56,-81.0,-78.0,-83.0,-68.0,-78.0,-65.0
1899-12-30 16:09:57,-81.0,-78.0,-83.0,-66.0,-78.0,-65.0
1899-12-30 16:09:59,-81.0,-78.0,,-64.0,-78.0,-65.0
1899-12-30 16:10:00,-70.0,-78.0,-83.0,-64.0,-73.0,-79.0
1899-12-30 16:10:01,-70.0,-78.0,-83.0,-75.0,-73.0,-79.0
1899-12-30 16:10:02,-70.0,-78.0,-83.0,-72.0,-73.0,-79.0
1899-12-30 16:10:04,-78.0,-78.0,-83.0,-72.0,-64.0,-66.0
1899-12-30 16:10:05,-78.0,-84.0,,-72.0,-71.0,-66.0
1899-12-30 16:10:07,-78.0,-76.0,-83.0,-69.0,-71.0,-66.0
1899-12-30 16:10:08,-69.0,-76.0,-83.0,-69.0,-72.0,-66.0
1899-12-30 16:10:09,-69.0,-76.0,-83.0,-66.0,-72.0,-66.0
1899-12-30 16:10:11,-69.0,-74.0,-83.0,-66.0,-72.0,-66.0
1899-12-30 16:10:12,-75.0,-74.0,,-66.0,-74.0,-78.0
1899-12-30 16:10:13,-75.0,-79.0,-83.0,-66.0,-74.0,-78.0
1899-12-30 16:10:15,-75.0,-79.0,-84.0,-68.0,-74.0,-78.0
1899-12-30 16:10:16,-73.0,-79.0,-84.0,-68.0,-70.0,-75.0
1899-12-30 16:10:17,-73.0,-79.0,,,,
1899-12-30 16:10:18,,,-84.0,-65.0,-70.0,-75.0
1899-12-30 16:10:19,-73.0,-79.0,,-69.0,-74.0,-73.0
1899-12-30 16:10:20,-73.0,-79.0,-84.0,-69.0,-74.0,-73.0
1899-12-30 16:10:22,-73.0,-79.0,-84.0,-76.0,-74.0,-73.0
1899-12-30 16:10:23,-70.0,-79.0,,-76.0,-64.0,-75.0
1899-12-30 16:10:24,-75.0,,-84.0,-72.0,-64.0,-75.0
1899-12-30 16:10:26,-75.0,-70.0,-84.0,-71.0,-64.0,-75.0
1899-12-30 16:10:27,-78.0,-70.0,-84.0,-71.0,-79.0,-71.0
1899-12-30 16:10:28,-78.0,-70.0,-84.0,-74.0,-79.0,-71.0
1899-12-30 16:10:30,-79.0,-70.0,,-74.0,-72.0,-71.0
1899-12-30 16:10:31,-72.0,-70.0,-84.0,-74.0,-76.0,-68.0
1899-12-30 16:10:32,-72.0,-70.0,-84.0,-72.0,-76.0,-68.0
1899-12-30 16:10:34,-77.0,-70.0,-84.0,-72.0,-76.0,-75.0
1899-12-30 16:10:35,-77.0,-70.0,-84.0,-72.0,-70.0,-66.0
1899-12-30 16:10:36,-77.0,-70.0,,-72.0,-70.0,-66.0
1899-12-30 16:10:38,,-70.0,-84.0,-65.0,-70.0,-74.0
1899-12-30 16:10:39,-70.0,-70.0,-84.0,-65.0,-62.0,-66.0
1899-12-30 16:10:40,-70.0,-70.0,-84.0,-65.0,-62.0,-66.0
1899-12-30 16:10:42,-70.0,-70.0,-83.0,-65.0,-62.0,-76.0
1899-12-30 16:10:43,-73.0,-70.0,,-65.0,-63.0,-72.0
1899-12-30 16:10:44,-73.0,-70.0,-83.0,-67.0,-63.0,-72.0
1899-12-30 16:10:46,-77.0,-70.0,-83.0,-67.0,-75.0,-75.0
1899-12-30 16:10:47,-83.0,-70.0,-83.0,-67.0,-75.0,-68.0
1899-12-30 16:10:48,-83.0,-78.0,-83.0,-71.0,-75.0,-68.0
1899-12-30 16:10:50,-83.0,-78.0,,-65.0,-75.0,-68.0
1899-12-30 16:10:51,-80.0,-78.0,-83.0,-65.0,-71.0,-66.0
1899-12-30 16:10:53,-80.0,-78.0,-83.0,-66.0,-71.0,-66.0
1899-12-30 16:10:54,-78.0,-78.0,-83.0,-65.0,-71.0,-74.0
1899-12-30 16:10:55,-78.0,-78.0,-83.0,-65.0,-70.0,-80.0
1899-12-30 16:10:57,-78.0,-78.0,,,-70.0,-80.0
1899-12-30 16:10:58,-78.0,-78.0,-80.0,-68.5,-73.0,-66.0
1899-12-30 16:10:59,-78.0,-78.0,-77.0,-70.0,-73.0,-66.0
1899-12-30 16:11:01,-78.0,-78.0,,-67.0,-73.0,-66.0
1899-12-30 16:11:02,-71.0,-78.0,-79.0,-67.0,-74.0,-70.0
1899-12-30 16:11:03,-76.0,-76.0,-81.0,-65.0,-74.0,-74.0
1899-12-30 16:11:05,-76.0,-75.0,-81.0,-65.0,-74.0,-74.0
1899-12-30 16:11:06,-72.0,-75.0,-81.0,-65.0,-64.0,-66.0
1899-12-30 16:11:08,-72.0,-75.0,,-65.0,-64.0,-66.0
1899-12-30 16:11:09,-72.0,-75.0,-81.0,-70.0,-64.0,-66.0
1899-12-30 16:11:10,-78.0,-75.0,-81.0,-70.0,-78.0,-82.0
1899-12-30 16:11:11,-78.0,-75.0,-81.0,-74.0,-78.0,-82.0
1899-12-30 16:11:13,-78.0,-75.0,-81.0,-74.0,-78.0,-82.0
1899-12-30 16:11:14,-78.0,-75.0,,-74.0,-64.0,-73.0
1899-12-30 16:11:15,-78.0,-75.0,-81.0,-74.0,-64.0,-73.0
1899-12-30 16:11:17,-78.0,-75.0,-81.0,-74.0,-64.0,
1899-12-30 16:11:18,-77.0,-75.0,-81.0,-74.0,-80.0,-70.0
1899-12-30 16:11:20,-77.0,-75.0,-81.0,-67.0,-80.0,-70.0
1899-12-30 16:11:21,-77.0,-75.0,,-70.0,-73.0,-74.0
1899-12-30 16:11:22,-73.0,-71.0,-81.0,-70.0,-69.0,-74.0
1899-12-30 16:11:24,-73.0,-71.0,-81.0,-67.0,-69.0,-74.0
1899-12-30 16:11:25,-77.0,-71.0,-81.0,-67.0,-73.0,-68.0
1899-12-30 16:11:26,-70.0,-74.0,,,,
1899-12-30 16:11:27,,,-81.0,-68.0,-70.0,-75.0
1899-12-30 16:11:28,-70.0,-72.0,-81.0,-71.0,,-75.0
1899-12-30 16:11:29,-70.0,-72.0,-83.0,-71.0,-65.0,-74.0
1899-12-30 16:11:30,-70.0,-70.0,-83.0,-63.0,-65.0,-74.0
1899-12-30 16:11:32,-70.0,-70.0,-83.0,-70.0,-65.0,-74.0
1899-12-30 16:11:33,-70.0,-70.0,-83.0,-70.0,-75.0,-64.0
1899-12-30 16:11:34,-70.0,-70.0,-83.0,-65.0,-75.0,-64.0
1899-12-30 16:11:36,-70.0,-70.0,,-72.0,-75.0,-64.0
1899-12-30 16:11:37,-74.0,-70.0,-83.0,-72.0,-72.0,-74.0
1899-12-30 16:11:39,-74.0,-76.0,-83.0,-70.0,-72.0,-74.0
1899-12-30 16:11:40,-74.0,-76.0,,-71.0,-72.0,-74.0
1899-12-30 16:11:41,-70.0,-76.0,-83.0,-71.0,-66.0,-68.0
1899-12-30 16:11:43,-70.0,-73.0,-83.0,-66.0,-66.0,-68.0
1899-12-30 16:11:44,-70.0,-73.0,,-72.0,-66.0,-68.0
1899-12-30 16:11:45,,,-83.0,,,
1899-12-30 16:11:46,-77.0,-73.0,-83.0,-72.0,-68.0,-75.0
1899-12-30 16:11:47,-77.0,-73.0,-83.0,-66.0,-68.0,-75.0
1899-12-30 16:11:48,-77.0,-73.0,,-70.0,-73.0,-75.0
1899-12-30 16:11:50,-77.0,-73.0,-82.0,-70.0,-71.0,-70.0
1899-12-30 16:11:51,-77.0,-71.0,-82.0,-66.0,-71.0,-70.0
1899-12-30 16:11:52,-77.0,-71.0,-83.0,-66.0,-71.0,-74.0
1899-12-30 16:11:54,-77.0,,-83.0,-66.0,-69.0,-84.0
1899-12-30 16:11:55,-77.0,-70.0,-83.0,-68.0,-69.0,-84.0
1899-12-30 16:11:56,-77.0,-70.0,-83.0,-68.0,-69.0,-84.0
1899-12-30 16:11:58,-77.0,-70.0,-83.0,-68.0,-69.0,-66.0
1899-12-30 16:11:59,-77.0,-74.0,-83.0,-65.0,,-66.0
1899-12-30 16:12:00,-77.0,-74.0,-83.0,-70.0,-69.0,-70.0
1899-12-30 16:12:02,-77.0,-74.0,-83.0,-70.0,-68.0,-70.0
1899-12-30 16:12:03,-77.0,-74.0,-83.0,,-68.0,-70.0
1899-12-30 16:12:04,-78.0,-74.0,-83.0,-67.0,-74.0,-74.0
1899-12-30 16:12:06,-78.0,-74.0,-83.0,-67.0,-68.0,-74.0
1899-12-30 16:12:07,-78.0,-74.0,,-66.0,-68.0,-74.0
1899-12-30 16:12:08,-77.0,-74.0,-83.0,-65.0,-72.0,-74.0
1899-12-30 16:12:10,-70.0,-74.0,-83.0,-65.0,-76.0,-69.0
1899-12-30 16:12:11,-70.0,-68.0,,-65.0,-76.0,-69.0
1899-12-30 16:12:13,-76.0,-68.0,-83.0,-65.0,-63.0,-69.0
1899-12-30 16:12:14,-74.0,-68.0,-83.0,-65.0,-63.0,-69.0
1899-12-30 16:12:15,-74.0,-68.0,,-67.0,-63.0,-69.0
1899-12-30 16:12:16,,,-83.0,,,
1899-12-30 16:12:17,-72.0,-68.0,-81.0,-67.0,-74.0,-75.0
1899-12-30 16:12:18,-75.0,-72.0,-81.0,-76.0,-70.0,-75.0
1899-12-30 16:12:19,-75.0,-71.0,,-65.0,-70.0,-75.0
1899-12-30 16:12:21,,-71.0,-81.0,-65.0,-69.0,-75.0
1899-12-30 16:12:22,-81.0,-71.0,-81.0,-75.0,-80.0,-75.0
1899-12-30 16:12:23,-81.0,-71.0,-81.0,-68.0,-80.0,-75.0
1899-12-30 16:12:25,-77.0,-71.0,-88.0,-68.0,-75.0,-66.0
1899-12-30 16:12:26,-77.0,-71.0,-88.0,-67.0,-75.0,-66.0
1899-12-30 16:12:28,-77.0,-71.0,-88.0,-71.0,-75.0,-66.0
1899-12-30 16:12:29,-75.0,-71.0,-88.0,-71.0,-65.0,-66.0
1899-12-30 16:12:30,-75.0,-74.0,-88.0,-65.0,-65.0,-66.0
1899-12-30 16:12:32,-77.0,-74.0,-82.0,-67.0,-65.0,-75.0
1899-12-30 16:12:33,-71.0,-74.0,-82.0,-67.0,-72.0,-82.0
1899-12-30 16:12:34,-71.0,-72.0,-82.0,-65.0,-72.0,-82.0
1899-12-30 16:12:36,-71.0,-72.0,-82.0,-65.0,-72.0,-76.0
1899-12-30 16:12:37,-69.0,-72.0,-82.0,-65.0,-72.0,-76.0
1899-12-30 16:12:39,-69.0,-72.0,-82.0,-66.0,-72.0,-76.0
1899-12-30 16:12:40,-77.0,-72.0,-82.0,-66.0,-74.0,-74.0
1899-12-30 16:12:41,-74.0,-72.0,-82.0,-66.0,-67.0,-67.0
1899-12-30 16:12:43,-74.0,-75.0,,-67.0,-67.0,-67.0
1899-12-30 16:12:44,-74.0,-75.0,-82.0,-67.0,-67.0,-67.0
1899-12-30 16:12:45,-73.0,-75.0,,,,
1899-12-30 16:12:46,,,-82.0,-67.0,-69.0,-84.0
1899-12-30 16:12:47,-73.0,-73.0,,-68.0,-69.0,-84.0
1899-12-30 16:12:48,-77.0,-73.0,-82.0,-68.0,-73.0,-84.0
1899-12-30 16:12:49,-77.0,-66.0,-82.0,-71.0,-71.0,-68.0
1899-12-30 16:12:51,-77.0,-71.0,,-66.0,-71.0,-68.0
1899-12-30 16:12:52,-77.0,-71.0,-82.0,-67.0,-71.0,-68.0
1899-12-30 16:12:53,-68.0,-71.0,-82.0,-67.0,-66.0,-65.0
1899-12-30 16:12:55,-68.0,-70.0,,-66.0,-66.0,-65.0
1899-12-30 16:12:56,-68.0,-70.0,-82.0,-69.0,-74.0,-73.0
1899-12-30 16:12:58,-76.0,-70.0,-82.0,-69.0,-67.0,
1899-12-30 16:12:59,-76.0,-72.0,-82.0,-69.0,-67.0,-73.0
1899-12-30 16:13:00,-79.0,-72.0,-82.0,-69.0,-72.0,-73.0
1899-12-30 16:13:02,-79.0,-72.0,-82.0,-69.0,-60.0,
1899-12-30 16:13:03,-79.0,-67.0,-82.0,-73.0,-60.0,-63.0
1899-12-30 16:13:04,-73.0,-67.0,-82.0,-73.0,-74.0,-78.0
1899-12-30 16:13:06,-73.0,-67.0,-82.0,-77.0,-72.0,-78.0
1899-12-30 16:13:07,-73.0,-67.0,,-74.0,-72.0,-78.0
1899-12-30 16:13:08,,,-82.0,,,
1899-12-30 16:13:09,-76.0,-67.0,-82.0,-74.0,-75.0,-78.0
1899-12-30 16:13:10,-74.0,-67.0,-82.0,-74.0,-75.0,-70.0
1899-12-30 16:13:11,-74.0,-67.0,,-69.0,-75.0,-70.0
1899-12-30 16:13:12,,,-82.0,,,
1899-12-30 16:13:13,-78.0,-67.0,-82.0,-69.0,-74.0,-67.0
1899-12-30 16:13:14,-78.0,-80.0,-82.0,-69.0,-75.0,-67.0
1899-12-30 16:13:15,-78.0,-80.0,,-69.0,-75.0,-67.0
1899-12-30 16:13:17,-79.0,-80.0,-82.0,-69.0,-75.0,-67.0
1899-12-30 16:13:18,-71.0,-80.0,-82.0,-69.0,-75.0,-75.0
1899-12-30 16:13:19,-71.0,-80.0,,-75.0,-75.0,-75.0
1899-12-30 16:13:21,-76.0,-80.0,-82.0,-71.0,-75.0,-70.0
1899-12-30 16:13:22,-70.0,-80.0,-82.0,-71.0,-71.0,-66.0
1899-12-30 16:13:23,-70.0,-80.0,,-68.0,-71.0,-66.0
1899-12-30 16:13:25,-78.0,-80.0,-82.0,-68.0,-74.0,-71.0
1899-12-30 16:13:26,-73.0,-80.0,-82.0,-68.0,-71.0,-71.0
1899-12-30 16:13:28,-73.0,-80.0,-82.0,-70.0,-71.0,-71.0
1899-12-30 16:13:29,-76.0,-80.0,-82.0,-70.0,-75.0,-71.0
1899-12-30 16:13:30,-76.0,-80.0,-82.0,-70.0,-75.0,-68.0
1899-12-30 16:13:32,-76.0,-80.0,-82.0,,-75.0,-68.0
1899-12-30 16:13:33,-76.0,-80.0,-79.0,-70.0,-75.0,-68.0
1899-12-30 16:13:34,-71.0,-80.0,-79.0,-70.0,-76.0,-69.0
1899-12-30 16:13:36,-71.0,-73.0,-79.0,-68.0,-76.0,-69.0
1899-12-30 16:13:37,-71.0,-73.0,-78.0,-76.0,-76.0,-69.0
1899-12-30 16:13:39,-68.0,-73.0,-78.0,-76.0,-66.0,-69.0
1899-12-30 16:13:40,-68.0,-73.0,-78.0,-69.0,-66.0,-69.0
1899-12-30 16:13:41,-68.0,-73.0,-88.0,-69.0,-66.0,-72.0
1899-12-30 16:13:43,-74.0,-73.0,-88.0,-69.0,-79.0,-72.0
1899-12-30 16:13:44,-74.0,-75.0,-88.0,-69.0,-79.0,-72.0
1899-12-30 16:13:46,-77.0,-75.0,,-69.0,-70.0,-71.0
1899-12-30 16:13:47,-77.0,-75.0,-88.0,-69.0,-70.0,-75.0
1899-12-30 16:13:48,-77.0,-72.0,-88.0,-68.0,-70.0,-75.0
1899-12-30 16:13:50,-76.0,-72.0,-88.0,-71.0,-70.0,-71.0
1899-12-30 16:13:51,-72.0,-72.0,-88.0,-71.0,-70.0,-63.0
1899-12-30 16:13:52,-72.0,,-88.0,-68.0,-70.0,-63.0
1899-12-30 16:13:54,-72.0,-72.0,-88.0,-71.0,-72.0,-70.0
1899-12-30 16:13:55,-68.0,-79.0,,-71.0,-65.0,-77.0
1899-12-30 16:13:56,,,-88.0,,,
1899-12-30 16:13:57,-68.0,-79.0,-88.0,-69.0,-65.0,-77.0
1899-12-30 16:13:58,-71.0,-79.0,-78.0,-77.0,-74.0,-65.0
1899-12-30 16:13:59,-70.0,-79.0,-78.0,-68.0,-74.0,-69.0
1899-12-30 16:14:01,-70.0,-79.0,-78.0,-68.0,-74.0,-69.0
1899-12-30 16:14:02,-76.0,-79.0,-78.0,-68.0,-63.0,-70.0
1899-12-30 16:14:03,-68.0,-79.0,,,,
1899-12-30 16:14:04,,,-78.0,-68.0,-63.0,-70.0
1899-12-30 16:14:05,-68.0,-79.0,-78.0,-68.0,-63.0,-70.0
1899-12-30 16:14:06,-77.0,-79.0,-78.0,-68.0,-63.0,-64.0
1899-12-30 16:14:08,-77.0,-79.0,-78.0,-68.0,-63.0,-64.0
1899-12-30 16:14:09,-77.0,-79.0,-78.0,-68.0,-63.0,-64.0
1899-12-30 16:14:10,-78.0,-79.0,-78.0,-68.0,-69.0,-72.0
1899-12-30 16:14:12,-78.0,-73.0,-78.0,-68.0,-69.0,-72.0
1899-12-30 16:14:13,-78.0,-73.0,-78.0,-70.0,-69.0,-72.0
1899-12-30 16:14:14,-77.0,-73.0,,-70.0,-65.0,-69.0
1899-12-30 16:14:15,,,-78.0,,,
1899-12-30 16:14:16,-77.0,-73.0,-78.0,-70.0,-65.0,-69.0
1899-12-30 16:14:17,-77.0,-73.0,-78.0,-68.0,-65.0,-69.0
1899-12-30 16:14:18,-71.0,-73.0,-78.0,-68.0,-76.0,-66.0
1899-12-30 16:14:20,-71.0,-75.0,,-69.0,-76.0,-66.0
1899-12-30 16:14:21,-71.0,-75.0,-78.0,-69.0,-76.0,-66.0
1899-12-30 16:14:22,-74.0,-75.0,,,,
1899-12-30 16:14:23,,,-78.0,-69.0,-62.0,-75.0
1899-12-30 16:14:24,-74.0,-74.0,-78.0,-74.0,-62.0,-75.0
1899-12-30 16:14:25,-74.0,-74.0,-78.0,-74.0,-73.0,-71.0
1899-12-30 16:14:27,-74.0,-74.0,-78.0,-74.0,-70.0,-71.0
1899-12-30 16:14:28,-74.0,-74.0,-78.0,-69.0,-70.0,-71.0
1899-12-30 16:14:29,-69.0,-74.0,,-69.0,-66.0,-71.0
1899-12-30 16:14:31,-69.0,-74.0,-78.0,-69.0,-66.0,-71.0
1899-12-30 16:14:32,-69.0,-74.0,-78.0,-70.0,-66.0,-71.0
1899-12-30 16:14:33,-69.0,-74.0,-78.0,-70.0,-74.0,-72.0
1899-12-30 16:14:35,-69.0,-74.0,-78.0,-71.0,-69.0,-65.0
1899-12-30 16:14:36,,-74.0,-78.0,-76.0,-69.0,-65.0
1899-12-30 16:14:37,-67.0,-74.0,,,,
1899-12-30 16:14:38,,,-78.0,-76.0,-64.0,-65.0
1899-12-30 16:14:39,-67.0,-74.0,-78.0,-73.0,-64.0,-71.0
