ssid,floorid,roomid,channel_cap1,channel_cap2,channel_cap3,signal_strength_cap1,signal_strength_cap2,signal_strength_cap3
1,1,214,2457,2452,0,"[-80, -74]","[-65, -64, -63]",[100]
1,1,214,2457,2457,0,"[-80, -74]","[-63, -58]",[100]
1,1,214,2457,2462,0,"[-80, -74]","[-64, -60, -58]",[100]
1,1,214,2462,2452,0,"[-82, -78, -77, -76, -75, -74]","[-65, -64, -63]",[100]
1,1,214,2462,2457,0,"[-82, -78, -77, -76, -75, -74]","[-63, -58]",[100]
1,1,214,2462,2462,0,"[-82, -78, -77, -76, -75, -74]","[-64, -60, -58]",[100]
1,4,214,2462,2452,0,"[-86, -84, -83, -82]",[-60],[100]
1,4,214,2462,2457,0,"[-86, -84, -83, -82]",[-61],[100]
1,4,214,2462,2462,0,"[-86, -84, -83, -82]","[-63, -59, -56, -52]",[100]
1,7,214,2457,2462,0,[-88],"[-54, -52, -51, -49, -45, -44]",[100]
1,7,214,2462,2462,0,"[-90, -87, -83, -80]","[-54, -52, -51, -49, -45, -44]",[100]
1,10,214,2462,2452,0,[-82],[-63],[100]
1,10,214,2462,2457,0,[-82],[-63],[100]
1,10,214,2462,2462,0,[-82],"[-62, -61]",[100]
1,13,214,2462,2457,0,"[-86, -84, -83, -78, -75]",[-59],[100]
1,13,214,2462,2462,0,"[-86, -84, -83, -78, -75]","[-65, -63, -61, -54]",[100]
1,16,214,2457,2457,0,"[-79, -75]","[-52, -50]",[100]
1,16,214,2457,2462,0,"[-79, -75]","[-57, -54, -48, -47]",[100]
1,16,214,2462,2457,0,"[-82, -81, -78, -76]","[-52, -50]",[100]
1,16,214,2462,2462,0,"[-82, -81, -78, -76]","[-57, -54, -48, -47]",[100]
1,19,214,2462,2457,0,[-90],[-74],[100]
1,19,214,2462,2462,0,[-90],"[-75, -72, -69, -68, -64, -61]",[100]
1,22,214,2462,2457,0,"[-77, -73]",[-58],[100]
1,22,214,2462,2462,0,"[-77, -73]","[-59, -50, -46, -45]",[100]
1,25,214,2462,2462,0,"[-88, -86, -85, -83, -78, -77]","[-54, -51, -47, -46, -43]",[100]
1,28,214,2462,2457,0,[-77],[-62],[100]
1,28,214,2462,2462,0,[-77],"[-64, -63]",[100]
1,31,214,2462,2457,0,"[-85, -77]",[-48],[100]
1,31,214,2462,2462,0,"[-85, -77]","[-53, -49]",[100]
1,34,214,2457,2462,0,[-73],"[-55, -50, -44]",[100]
1,34,214,2462,2462,0,"[-77, -75]","[-55, -50, -44]",[100]
1,37,214,2462,2457,0,[-78],"[-74, -64]",[100]
1,37,214,2462,2462,0,[-78],"[-69, -64, -63, -60, -56]",[100]
1,40,214,2462,2462,0,"[-82, -81, -75]","[-54, -52, -51, -49, -46]",[100]
1,43,214,2457,2462,0,[-85],"[-59, -57, -54, -52, -51]",[100]
1,43,214,2462,2462,0,"[-87, -84, -81]","[-59, -57, -54, -52, -51]",[100]
1,46,214,2462,2457,0,"[-81, -76]","[-69, -64, -62, -59]",[100]
1,46,214,2462,2462,0,"[-81, -76]","[-67, -66, -65, -53]",[100]
1,49,214,2462,2462,0,"[-79, -76, -75, -73]","[-67, -62, -52]",[100]
1,52,214,2462,2457,0,"[-91, -89]","[-69, -59]",[100]
1,52,214,2462,2462,0,"[-91, -89]","[-69, -59, -56, -51]",[100]
1,55,214,2452,2462,0,[-76],"[-58, -55]",[100]
1,55,214,2462,2462,0,[-81],"[-58, -55]",[100]
1,58,214,2457,2457,0,"[-74, -73]",[-57],[100]
1,58,214,2457,2462,0,"[-74, -73]","[-62, -60, -57, -55]",[100]
1,58,214,2462,2457,0,"[-77, -75, -72, -70]",[-57],[100]
1,58,214,2462,2462,0,"[-77, -75, -72, -70]","[-62, -60, -57, -55]",[100]
1,61,214,2462,2447,2462,"[-90, -88, -80, -79, -78, -69]",[-59],"[-96, -95, -91]"
1,61,214,2462,2457,2462,"[-90, -88, -80, -79, -78, -69]",[-47],"[-96, -95, -91]"
1,61,214,2462,2462,2462,"[-90, -88, -80, -79, -78, -69]","[-54, -53, -52, -49, -47, -44, -43]","[-96, -95, -91]"
1,64,214,2462,2457,0,"[-85, -84, -78]","[-70, -69, -61, -59]",[100]
1,64,214,2462,2462,0,"[-85, -84, -78]",[-65],[100]
1,67,214,2452,2452,0,"[-80, -78]",[-62],[100]
1,67,214,2452,2457,0,"[-80, -78]",[-57],[100]
1,67,214,2452,2462,0,"[-80, -78]","[-57, -56, -52, -51]",[100]
1,67,214,2457,2452,0,[-73],[-62],[100]
1,67,214,2457,2457,0,[-73],[-57],[100]
1,67,214,2457,2462,0,[-73],"[-57, -56, -52, -51]",[100]
1,67,214,2462,2452,0,"[-84, -81, -80, -79, -77, -72]",[-62],[100]
1,67,214,2462,2457,0,"[-84, -81, -80, -79, -77, -72]",[-57],[100]
1,67,214,2462,2462,0,"[-84, -81, -80, -79, -77, -72]","[-57, -56, -52, -51]",[100]
1,70,214,2462,2452,2462,"[-83, -77, -76, -74]",[-56],"[-99, -89]"
1,70,214,2462,2457,2462,"[-83, -77, -76, -74]","[-53, -48]","[-99, -89]"
1,70,214,2462,2462,2462,"[-83, -77, -76, -74]","[-50, -49, -46, -41]","[-99, -89]"
1,73,214,2462,2452,0,"[-86, -83]",[-67],[100]
1,73,214,2462,2457,0,"[-86, -83]",[-74],[100]
1,73,214,2462,2462,0,"[-86, -83]","[-74, -73]",[100]
1,76,214,2457,2452,0,"[-73, -71]",[-66],[100]
1,76,214,2457,2462,0,"[-73, -71]","[-75, -62, -60, -55, -53]",[100]
1,76,214,2462,2452,0,"[-82, -74, -71, -69, -68]",[-66],[100]
1,76,214,2462,2462,0,"[-82, -74, -71, -69, -68]","[-75, -62, -60, -55, -53]",[100]
1,79,214,2462,2462,2462,"[-79, -76, -75, -74, -71]","[-40, -36, -35, -34]","[-101, -99, -96, -90]"
1,103,213,2437,2432,0,[-64],[-68],[100]
1,103,213,2437,2437,0,[-64],[-78],[100]
1,103,213,2437,2442,0,[-64],"[-70, -67]",[100]
1,103,213,2442,2432,0,"[-72, -62]",[-68],[100]
1,103,213,2442,2437,0,"[-72, -62]",[-78],[100]
1,103,213,2442,2442,0,"[-72, -62]","[-70, -67]",[100]
1,103,213,2447,2432,0,[-66],[-68],[100]
1,103,213,2447,2437,0,[-66],[-78],[100]
1,103,213,2447,2442,0,[-66],"[-70, -67]",[100]
1,106,213,2437,2432,2437,[-68],[-70],"[-94, -92, -91, -89]"
1,106,213,2437,2437,2437,[-68],"[-73, -69]","[-94, -92, -91, -89]"
1,106,213,2437,2442,2437,[-68],"[-75, -72]","[-94, -92, -91, -89]"
1,106,213,2437,2447,2437,[-68],[-74],"[-94, -92, -91, -89]"
1,106,213,2447,2432,2437,[-63],[-70],"[-94, -92, -91, -89]"
1,106,213,2447,2437,2437,[-63],"[-73, -69]","[-94, -92, -91, -89]"
1,106,213,2447,2442,2437,[-63],"[-75, -72]","[-94, -92, -91, -89]"
1,106,213,2447,2447,2437,[-63],[-74],"[-94, -92, -91, -89]"
1,109,213,2437,2437,2437,"[-62, -52]","[-56, -53]","[-92, -91, -90]"
1,109,213,2437,2437,2442,"[-62, -52]","[-56, -53]",[-88]
1,109,213,2437,2442,2437,"[-62, -52]",[-50],"[-92, -91, -90]"
1,109,213,2437,2442,2442,"[-62, -52]",[-50],[-88]
1,109,213,2437,2452,2437,"[-62, -52]",[-69],"[-92, -91, -90]"
1,109,213,2437,2452,2442,"[-62, -52]",[-69],[-88]
1,109,213,2442,2437,2437,"[-57, -56, -52]","[-56, -53]","[-92, -91, -90]"
1,109,213,2442,2437,2442,"[-57, -56, -52]","[-56, -53]",[-88]
1,109,213,2442,2442,2437,"[-57, -56, -52]",[-50],"[-92, -91, -90]"
1,109,213,2442,2442,2442,"[-57, -56, -52]",[-50],[-88]
1,109,213,2442,2452,2437,"[-57, -56, -52]",[-69],"[-92, -91, -90]"
1,109,213,2442,2452,2442,"[-57, -56, -52]",[-69],[-88]
1,112,213,2432,2437,2437,[-57],[-66],"[-93, -91]"
1,112,213,2432,2442,2437,[-57],[-68],"[-93, -91]"
1,112,213,2432,2447,2437,[-57],"[-70, -68]","[-93, -91]"
1,112,213,2437,2437,2437,[-64],[-66],"[-93, -91]"
1,112,213,2437,2442,2437,[-64],[-68],"[-93, -91]"
1,112,213,2437,2447,2437,[-64],"[-70, -68]","[-93, -91]"
1,112,213,2452,2437,2437,[-73],[-66],"[-93, -91]"
1,112,213,2452,2442,2437,[-73],[-68],"[-93, -91]"
1,112,213,2452,2447,2437,[-73],"[-70, -68]","[-93, -91]"
1,115,213,2442,2437,2437,[-53],[-63],"[-92, -91, -90]"
1,115,213,2442,2442,2437,[-53],[-65],"[-92, -91, -90]"
1,115,213,2442,2447,2437,[-53],[-68],"[-92, -91, -90]"
1,115,213,2447,2437,2437,[-59],[-63],"[-92, -91, -90]"
1,115,213,2447,2442,2437,[-59],[-65],"[-92, -91, -90]"
1,115,213,2447,2447,2437,[-59],[-68],"[-92, -91, -90]"
1,115,213,2452,2437,2437,"[-75, -73, -71]",[-63],"[-92, -91, -90]"
1,115,213,2452,2442,2437,"[-75, -73, -71]",[-65],"[-92, -91, -90]"
1,115,213,2452,2447,2437,"[-75, -73, -71]",[-68],"[-92, -91, -90]"
1,118,213,2442,2422,2432,[-58],[-74],[-90]
1,118,213,2442,2422,2437,[-58],[-74],"[-90, -89]"
1,118,213,2442,2437,2432,[-58],[-56],[-90]
1,118,213,2442,2437,2437,[-58],[-56],"[-90, -89]"
1,118,213,2442,2442,2432,[-58],"[-54, -53, -52]",[-90]
1,118,213,2442,2442,2437,[-58],"[-54, -53, -52]","[-90, -89]"
1,118,213,2447,2422,2432,[-62],[-74],[-90]
1,118,213,2447,2422,2437,[-62],[-74],"[-90, -89]"
1,118,213,2447,2437,2432,[-62],[-56],[-90]
1,118,213,2447,2437,2437,[-62],[-56],"[-90, -89]"
1,118,213,2447,2442,2432,[-62],"[-54, -53, -52]",[-90]
1,118,213,2447,2442,2437,[-62],"[-54, -53, -52]","[-90, -89]"
1,121,213,2437,2427,0,[-63],"[-74, -72]",[100]
1,121,213,2437,2432,0,[-63],"[-72, -65]",[100]
1,121,213,2437,2442,0,[-63],"[-73, -70]",[100]
1,121,213,2442,2427,0,"[-66, -60]","[-74, -72]",[100]
1,121,213,2442,2432,0,"[-66, -60]","[-72, -65]",[100]
1,121,213,2442,2442,0,"[-66, -60]","[-73, -70]",[100]
1,121,213,2447,2427,0,[-65],"[-74, -72]",[100]
1,121,213,2447,2432,0,[-65],"[-72, -65]",[100]
1,121,213,2447,2442,0,[-65],"[-73, -70]",[100]
1,124,213,2437,2427,2437,"[-66, -65]",[-68],"[-91, -88, -86, -84]"
1,124,213,2437,2437,2437,"[-66, -65]",[-65],"[-91, -88, -86, -84]"
1,124,213,2437,2447,2437,"[-66, -65]","[-68, -65]","[-91, -88, -86, -84]"
1,124,213,2442,2427,2437,"[-64, -63]",[-68],"[-91, -88, -86, -84]"
1,124,213,2442,2437,2437,"[-64, -63]",[-65],"[-91, -88, -86, -84]"
1,124,213,2442,2447,2437,"[-64, -63]","[-68, -65]","[-91, -88, -86, -84]"
1,124,213,2447,2427,2437,[-68],[-68],"[-91, -88, -86, -84]"
1,124,213,2447,2437,2437,[-68],[-65],"[-91, -88, -86, -84]"
1,124,213,2447,2447,2437,[-68],"[-68, -65]","[-91, -88, -86, -84]"
1,127,213,2442,2427,2437,"[-66, -53]",[-67],"[-89, -88]"
1,127,213,2442,2432,2437,"[-66, -53]",[-61],"[-89, -88]"
1,127,213,2442,2442,2437,"[-66, -53]",[-57],"[-89, -88]"
1,127,213,2447,2427,2437,"[-57, -51]",[-67],"[-89, -88]"
1,127,213,2447,2432,2437,"[-57, -51]",[-61],"[-89, -88]"
1,127,213,2447,2442,2437,"[-57, -51]",[-57],"[-89, -88]"
1,127,213,2452,2427,2437,[-66],[-67],"[-89, -88]"
1,127,213,2452,2432,2437,[-66],[-61],"[-89, -88]"
1,127,213,2452,2442,2437,[-66],[-57],"[-89, -88]"
1,130,213,2442,2437,2432,[-50],"[-55, -54]","[-89, -85]"
1,130,213,2442,2437,2437,[-50],"[-55, -54]","[-89, -87]"
1,130,213,2442,2437,2442,[-50],"[-55, -54]",[-88]
1,130,213,2442,2452,2432,[-50],[-71],"[-89, -85]"
1,130,213,2442,2452,2437,[-50],[-71],"[-89, -87]"
1,130,213,2442,2452,2442,[-50],[-71],[-88]
1,130,213,2452,2437,2432,"[-67, -60]","[-55, -54]","[-89, -85]"
1,130,213,2452,2437,2437,"[-67, -60]","[-55, -54]","[-89, -87]"
1,130,213,2452,2437,2442,"[-67, -60]","[-55, -54]",[-88]
1,130,213,2452,2452,2432,"[-67, -60]",[-71],"[-89, -85]"
1,130,213,2452,2452,2437,"[-67, -60]",[-71],"[-89, -87]"
1,130,213,2452,2452,2442,"[-67, -60]",[-71],[-88]
1,133,213,2432,2432,2437,[-63],[-72],"[-93, -89, -88]"
1,133,213,2432,2442,2437,[-63],"[-68, -67]","[-93, -89, -88]"
1,133,213,2432,2447,2437,[-63],"[-70, -69]","[-93, -89, -88]"
1,133,213,2442,2432,2437,"[-64, -63]",[-72],"[-93, -89, -88]"
1,133,213,2442,2442,2437,"[-64, -63]","[-68, -67]","[-93, -89, -88]"
1,133,213,2442,2447,2437,"[-64, -63]","[-70, -69]","[-93, -89, -88]"
1,136,213,2427,2427,2437,[-69],[-67],[-90]
1,136,213,2427,2437,2437,[-69],"[-66, -65]",[-90]
1,136,213,2427,2442,2437,[-69],"[-65, -64]",[-90]
1,136,213,2427,2447,2437,[-69],[-70],[-90]
1,136,213,2432,2427,2437,"[-67, -63, -62]",[-67],[-90]
1,136,213,2432,2437,2437,"[-67, -63, -62]","[-66, -65]",[-90]
1,136,213,2432,2442,2437,"[-67, -63, -62]","[-65, -64]",[-90]
1,136,213,2432,2447,2437,"[-67, -63, -62]",[-70],[-90]
1,136,213,2442,2427,2437,"[-61, -60]",[-67],[-90]
1,136,213,2442,2437,2437,"[-61, -60]","[-66, -65]",[-90]
1,136,213,2442,2442,2437,"[-61, -60]","[-65, -64]",[-90]
1,136,213,2442,2447,2437,"[-61, -60]",[-70],[-90]
1,139,213,2452,2437,2437,"[-68, -65, -63, -61]",[-55],"[-88, -87]"
1,139,213,2452,2442,2437,"[-68, -65, -63, -61]","[-54, -53]","[-88, -87]"
1,139,213,2452,2447,2437,"[-68, -65, -63, -61]",[-56],"[-88, -87]"
1,142,213,2442,2432,2432,"[-62, -61, -60, -59]",[-72],[-88]
1,142,213,2442,2437,2432,"[-62, -61, -60, -59]",[-68],[-88]
1,142,213,2442,2442,2432,"[-62, -61, -60, -59]","[-69, -68, -67, -66]",[-88]
1,145,213,2427,2432,2437,[-66],"[-68, -67]",[-95]
1,145,213,2427,2432,2442,[-66],"[-68, -67]","[-87, -85, -82]"
1,145,213,2427,2437,2437,[-66],[-73],[-95]
1,145,213,2427,2437,2442,[-66],[-73],"[-87, -85, -82]"
1,145,213,2427,2442,2437,[-66],[-70],[-95]
1,145,213,2427,2442,2442,[-66],[-70],"[-87, -85, -82]"
1,145,213,2432,2432,2437,[-62],"[-68, -67]",[-95]
1,145,213,2432,2432,2442,[-62],"[-68, -67]","[-87, -85, -82]"
1,145,213,2432,2437,2437,[-62],[-73],[-95]
1,145,213,2432,2437,2442,[-62],[-73],"[-87, -85, -82]"
1,145,213,2432,2442,2437,[-62],[-70],[-95]
1,145,213,2432,2442,2442,[-62],[-70],"[-87, -85, -82]"
1,145,213,2437,2432,2437,"[-64, -60, -57]","[-68, -67]",[-95]
1,145,213,2437,2432,2442,"[-64, -60, -57]","[-68, -67]","[-87, -85, -82]"
1,145,213,2437,2437,2437,"[-64, -60, -57]",[-73],[-95]
1,145,213,2437,2437,2442,"[-64, -60, -57]",[-73],"[-87, -85, -82]"
1,145,213,2437,2442,2437,"[-64, -60, -57]",[-70],[-95]
1,145,213,2437,2442,2442,"[-64, -60, -57]",[-70],"[-87, -85, -82]"
1,145,213,2442,2432,2437,[-57],"[-68, -67]",[-95]
1,145,213,2442,2432,2442,[-57],"[-68, -67]","[-87, -85, -82]"
1,145,213,2442,2437,2437,[-57],[-73],[-95]
1,145,213,2442,2437,2442,[-57],[-73],"[-87, -85, -82]"
1,145,213,2442,2442,2437,[-57],[-70],[-95]
1,145,213,2442,2442,2442,[-57],[-70],"[-87, -85, -82]"
1,148,213,2442,2422,2437,[-48],[-74],"[-86, -85, -84]"
1,148,213,2442,2422,2442,[-48],[-74],[-87]
1,148,213,2442,2432,2437,[-48],[-55],"[-86, -85, -84]"
1,148,213,2442,2432,2442,[-48],[-55],[-87]
1,148,213,2442,2437,2437,[-48],[-62],"[-86, -85, -84]"
1,148,213,2442,2437,2442,[-48],[-62],[-87]
1,148,213,2442,2442,2437,[-48],"[-61, -59, -57, -56, -55]","[-86, -85, -84]"
1,148,213,2442,2442,2442,[-48],"[-61, -59, -57, -56, -55]",[-87]
1,148,213,2452,2422,2437,[-59],[-74],"[-86, -85, -84]"
1,148,213,2452,2422,2442,[-59],[-74],[-87]
1,148,213,2452,2432,2437,[-59],[-55],"[-86, -85, -84]"
1,148,213,2452,2432,2442,[-59],[-55],[-87]
1,148,213,2452,2437,2437,[-59],[-62],"[-86, -85, -84]"
1,148,213,2452,2437,2442,[-59],[-62],[-87]
1,148,213,2452,2442,2437,[-59],"[-61, -59, -57, -56, -55]","[-86, -85, -84]"
1,148,213,2452,2442,2442,[-59],"[-61, -59, -57, -56, -55]",[-87]
1,151,213,2437,2432,2432,[-56],[-79],[-88]
1,151,213,2437,2432,2437,[-56],[-79],"[-94, -92, -90, -89, -88]"
1,151,213,2437,2437,2432,[-56],"[-69, -68]",[-88]
1,151,213,2437,2437,2437,[-56],"[-69, -68]","[-94, -92, -90, -89, -88]"
1,151,213,2437,2442,2432,[-56],"[-70, -68]",[-88]
1,151,213,2437,2442,2437,[-56],"[-70, -68]","[-94, -92, -90, -89, -88]"
1,151,213,2437,2447,2432,[-56],[-71],[-88]
1,151,213,2437,2447,2437,[-56],[-71],"[-94, -92, -90, -89, -88]"
1,151,213,2442,2432,2432,"[-57, -56, -55, -54]",[-79],[-88]
1,151,213,2442,2432,2437,"[-57, -56, -55, -54]",[-79],"[-94, -92, -90, -89, -88]"
1,151,213,2442,2437,2432,"[-57, -56, -55, -54]","[-69, -68]",[-88]
1,151,213,2442,2437,2437,"[-57, -56, -55, -54]","[-69, -68]","[-94, -92, -90, -89, -88]"
1,151,213,2442,2442,2432,"[-57, -56, -55, -54]","[-70, -68]",[-88]
1,151,213,2442,2442,2437,"[-57, -56, -55, -54]","[-70, -68]","[-94, -92, -90, -89, -88]"
1,151,213,2442,2447,2432,"[-57, -56, -55, -54]",[-71],[-88]
1,151,213,2442,2447,2437,"[-57, -56, -55, -54]",[-71],"[-94, -92, -90, -89, -88]"
1,154,213,2442,2437,2427,"[-55, -52]","[-65, -63, -61]",[-86]
1,154,213,2442,2437,2432,"[-55, -52]","[-65, -63, -61]",[-82]
1,154,213,2442,2437,2437,"[-55, -52]","[-65, -63, -61]","[-85, -84]"
1,154,213,2442,2437,2442,"[-55, -52]","[-65, -63, -61]","[-86, -85, -84]"
1,154,213,2442,2442,2427,"[-55, -52]","[-62, -61, -60]",[-86]
1,154,213,2442,2442,2432,"[-55, -52]","[-62, -61, -60]",[-82]
1,154,213,2442,2442,2437,"[-55, -52]","[-62, -61, -60]","[-85, -84]"
1,154,213,2442,2442,2442,"[-55, -52]","[-62, -61, -60]","[-86, -85, -84]"
1,154,213,2442,2447,2427,"[-55, -52]",[-66],[-86]
1,154,213,2442,2447,2432,"[-55, -52]",[-66],[-82]
1,154,213,2442,2447,2437,"[-55, -52]",[-66],"[-85, -84]"
1,154,213,2442,2447,2442,"[-55, -52]",[-66],"[-86, -85, -84]"
1,154,213,2452,2437,2427,"[-72, -67]","[-65, -63, -61]",[-86]
1,154,213,2452,2437,2432,"[-72, -67]","[-65, -63, -61]",[-82]
1,154,213,2452,2437,2437,"[-72, -67]","[-65, -63, -61]","[-85, -84]"
1,154,213,2452,2437,2442,"[-72, -67]","[-65, -63, -61]","[-86, -85, -84]"
1,154,213,2452,2442,2427,"[-72, -67]","[-62, -61, -60]",[-86]
1,154,213,2452,2442,2432,"[-72, -67]","[-62, -61, -60]",[-82]
1,154,213,2452,2442,2437,"[-72, -67]","[-62, -61, -60]","[-85, -84]"
1,154,213,2452,2442,2442,"[-72, -67]","[-62, -61, -60]","[-86, -85, -84]"
1,154,213,2452,2447,2427,"[-72, -67]",[-66],[-86]
1,154,213,2452,2447,2432,"[-72, -67]",[-66],[-82]
1,154,213,2452,2447,2437,"[-72, -67]",[-66],"[-85, -84]"
1,154,213,2452,2447,2442,"[-72, -67]",[-66],"[-86, -85, -84]"
1,157,213,2437,2432,2442,[-54],"[-70, -62]","[-86, -85, -83]"
1,157,213,2437,2437,2442,[-54],[-71],"[-86, -85, -83]"
1,157,213,2437,2442,2442,[-54],"[-72, -70, -68]","[-86, -85, -83]"
1,157,213,2442,2432,2442,"[-55, -53]","[-70, -62]","[-86, -85, -83]"
1,157,213,2442,2437,2442,"[-55, -53]",[-71],"[-86, -85, -83]"
1,157,213,2442,2442,2442,"[-55, -53]","[-72, -70, -68]","[-86, -85, -83]"
1,157,213,2447,2432,2442,[-61],"[-70, -62]","[-86, -85, -83]"
1,157,213,2447,2437,2442,[-61],[-71],"[-86, -85, -83]"
1,157,213,2447,2442,2442,[-61],"[-72, -70, -68]","[-86, -85, -83]"
1,160,213,0,2427,2437,[100],[-80],"[-89, -84]"
1,160,213,0,2427,2442,[100],[-80],"[-84, -83]"
1,160,213,0,2437,2437,[100],"[-69, -66]","[-89, -84]"
1,160,213,0,2437,2442,[100],"[-69, -66]","[-84, -83]"
1,160,213,0,2442,2437,[100],[-70],"[-89, -84]"
1,160,213,0,2442,2442,[100],[-70],"[-84, -83]"
1,160,213,0,2447,2437,[100],[-70],"[-89, -84]"
1,160,213,0,2447,2442,[100],[-70],"[-84, -83]"
1,163,213,2437,2427,2432,[-57],"[-79, -68]",[-90]
1,163,213,2437,2427,2437,[-57],"[-79, -68]","[-92, -90, -86]"
1,163,213,2437,2427,2442,[-57],"[-79, -68]","[-89, -88]"
1,163,213,2437,2432,2432,[-57],[-68],[-90]
1,163,213,2437,2432,2437,[-57],[-68],"[-92, -90, -86]"
1,163,213,2437,2432,2442,[-57],[-68],"[-89, -88]"
1,163,213,2437,2437,2432,[-57],"[-70, -69]",[-90]
1,163,213,2437,2437,2437,[-57],"[-70, -69]","[-92, -90, -86]"
1,163,213,2437,2437,2442,[-57],"[-70, -69]","[-89, -88]"
1,163,213,2442,2427,2432,"[-59, -56]","[-79, -68]",[-90]
1,163,213,2442,2427,2437,"[-59, -56]","[-79, -68]","[-92, -90, -86]"
1,163,213,2442,2427,2442,"[-59, -56]","[-79, -68]","[-89, -88]"
1,163,213,2442,2432,2432,"[-59, -56]",[-68],[-90]
1,163,213,2442,2432,2437,"[-59, -56]",[-68],"[-92, -90, -86]"
1,163,213,2442,2432,2442,"[-59, -56]",[-68],"[-89, -88]"
1,163,213,2442,2437,2432,"[-59, -56]","[-70, -69]",[-90]
1,163,213,2442,2437,2437,"[-59, -56]","[-70, -69]","[-92, -90, -86]"
1,163,213,2442,2437,2442,"[-59, -56]","[-70, -69]","[-89, -88]"
1,166,213,2442,2427,2432,"[-62, -58, -57, -55]",[-73],[-84]
1,166,213,2442,2427,2437,"[-62, -58, -57, -55]",[-73],"[-90, -87, -86]"
1,166,213,2442,2427,2442,"[-62, -58, -57, -55]",[-73],"[-83, -82]"
1,166,213,2442,2432,2432,"[-62, -58, -57, -55]","[-73, -69]",[-84]
1,166,213,2442,2432,2437,"[-62, -58, -57, -55]","[-73, -69]","[-90, -87, -86]"
1,166,213,2442,2432,2442,"[-62, -58, -57, -55]","[-73, -69]","[-83, -82]"
1,166,213,2442,2437,2432,"[-62, -58, -57, -55]","[-74, -67]",[-84]
1,166,213,2442,2437,2437,"[-62, -58, -57, -55]","[-74, -67]","[-90, -87, -86]"
1,166,213,2442,2437,2442,"[-62, -58, -57, -55]","[-74, -67]","[-83, -82]"
1,166,213,2442,2442,2432,"[-62, -58, -57, -55]",[-87],[-84]
1,166,213,2442,2442,2437,"[-62, -58, -57, -55]",[-87],"[-90, -87, -86]"
1,166,213,2442,2442,2442,"[-62, -58, -57, -55]",[-87],"[-83, -82]"
1,169,213,2432,2432,2437,[-52],"[-69, -68, -60]","[-82, -79]"
1,169,213,2432,2432,2442,[-52],"[-69, -68, -60]","[-82, -81]"
1,169,213,2432,2437,2437,[-52],"[-64, -63]","[-82, -79]"
1,169,213,2432,2437,2442,[-52],"[-64, -63]","[-82, -81]"
1,169,213,2432,2442,2437,[-52],"[-61, -60]","[-82, -79]"
1,169,213,2432,2442,2442,[-52],"[-61, -60]","[-82, -81]"
1,169,213,2442,2432,2437,[-50],"[-69, -68, -60]","[-82, -79]"
1,169,213,2442,2432,2442,[-50],"[-69, -68, -60]","[-82, -81]"
1,169,213,2442,2437,2437,[-50],"[-64, -63]","[-82, -79]"
1,169,213,2442,2437,2442,[-50],"[-64, -63]","[-82, -81]"
1,169,213,2442,2442,2437,[-50],"[-61, -60]","[-82, -79]"
1,169,213,2442,2442,2442,[-50],"[-61, -60]","[-82, -81]"
1,169,213,2447,2432,2437,[-58],"[-69, -68, -60]","[-82, -79]"
1,169,213,2447,2432,2442,[-58],"[-69, -68, -60]","[-82, -81]"
1,169,213,2447,2437,2437,[-58],"[-64, -63]","[-82, -79]"
1,169,213,2447,2437,2442,[-58],"[-64, -63]","[-82, -81]"
1,169,213,2447,2442,2437,[-58],"[-61, -60]","[-82, -79]"
1,169,213,2447,2442,2442,[-58],"[-61, -60]","[-82, -81]"
1,169,213,2452,2432,2437,[-70],"[-69, -68, -60]","[-82, -79]"
1,169,213,2452,2432,2442,[-70],"[-69, -68, -60]","[-82, -81]"
1,169,213,2452,2437,2437,[-70],"[-64, -63]","[-82, -79]"
1,169,213,2452,2437,2442,[-70],"[-64, -63]","[-82, -81]"
1,169,213,2452,2442,2437,[-70],"[-61, -60]","[-82, -79]"
1,169,213,2452,2442,2442,[-70],"[-61, -60]","[-82, -81]"
1,172,213,2442,2432,2432,"[-67, -66, -64, -62]",[-68],[-83]
1,172,213,2442,2432,2437,"[-67, -66, -64, -62]",[-68],"[-91, -89]"
1,172,213,2442,2432,2442,"[-67, -66, -64, -62]",[-68],[-87]
1,172,213,2442,2437,2432,"[-67, -66, -64, -62]",[-78],[-83]
1,172,213,2442,2437,2437,"[-67, -66, -64, -62]",[-78],"[-91, -89]"
1,172,213,2442,2437,2442,"[-67, -66, -64, -62]",[-78],[-87]
1,172,213,2442,2442,2432,"[-67, -66, -64, -62]","[-74, -70]",[-83]
1,172,213,2442,2442,2437,"[-67, -66, -64, -62]","[-74, -70]","[-91, -89]"
1,172,213,2442,2442,2442,"[-67, -66, -64, -62]","[-74, -70]",[-87]
1,172,213,2447,2432,2432,[-64],[-68],[-83]
1,172,213,2447,2432,2437,[-64],[-68],"[-91, -89]"
1,172,213,2447,2432,2442,[-64],[-68],[-87]
1,172,213,2447,2437,2432,[-64],[-78],[-83]
1,172,213,2447,2437,2437,[-64],[-78],"[-91, -89]"
1,172,213,2447,2437,2442,[-64],[-78],[-87]
1,172,213,2447,2442,2432,[-64],"[-74, -70]",[-83]
1,172,213,2447,2442,2437,[-64],"[-74, -70]","[-91, -89]"
1,172,213,2447,2442,2442,[-64],"[-74, -70]",[-87]
1,175,213,2437,2427,2437,[-55],[-73],"[-88, -87]"
1,175,213,2437,2427,2442,[-55],[-73],"[-89, -86]"
1,175,213,2437,2437,2437,[-55],[-71],"[-88, -87]"
1,175,213,2437,2437,2442,[-55],[-71],"[-89, -86]"
1,175,213,2437,2442,2437,[-55],"[-71, -68]","[-88, -87]"
1,175,213,2437,2442,2442,[-55],"[-71, -68]","[-89, -86]"
1,175,213,2437,2447,2437,[-55],[-70],"[-88, -87]"
1,175,213,2437,2447,2442,[-55],[-70],"[-89, -86]"
1,175,213,2442,2427,2437,"[-59, -58]",[-73],"[-88, -87]"
1,175,213,2442,2427,2442,"[-59, -58]",[-73],"[-89, -86]"
1,175,213,2442,2437,2437,"[-59, -58]",[-71],"[-88, -87]"
1,175,213,2442,2437,2442,"[-59, -58]",[-71],"[-89, -86]"
1,175,213,2442,2442,2437,"[-59, -58]","[-71, -68]","[-88, -87]"
1,175,213,2442,2442,2442,"[-59, -58]","[-71, -68]","[-89, -86]"
1,175,213,2442,2447,2437,"[-59, -58]",[-70],"[-88, -87]"
1,175,213,2442,2447,2442,"[-59, -58]",[-70],"[-89, -86]"
1,178,213,2437,2437,2432,[-52],"[-67, -65]",[-75]
1,178,213,2437,2437,2437,[-52],"[-67, -65]",[-80]
1,178,213,2437,2437,2442,[-52],"[-67, -65]","[-79, -77, -76]"
1,178,213,2437,2437,2447,[-52],"[-67, -65]",[-80]
1,178,213,2437,2442,2432,[-52],[-64],[-75]
1,178,213,2437,2442,2437,[-52],[-64],[-80]
1,178,213,2437,2442,2442,[-52],[-64],"[-79, -77, -76]"
1,178,213,2437,2442,2447,[-52],[-64],[-80]
1,178,213,2437,2447,2432,[-52],"[-68, -65]",[-75]
1,178,213,2437,2447,2437,[-52],"[-68, -65]",[-80]
1,178,213,2437,2447,2442,[-52],"[-68, -65]","[-79, -77, -76]"
1,178,213,2437,2447,2447,[-52],"[-68, -65]",[-80]
1,178,213,2442,2437,2432,[-56],"[-67, -65]",[-75]
1,178,213,2442,2437,2437,[-56],"[-67, -65]",[-80]
1,178,213,2442,2437,2442,[-56],"[-67, -65]","[-79, -77, -76]"
1,178,213,2442,2437,2447,[-56],"[-67, -65]",[-80]
1,178,213,2442,2442,2432,[-56],[-64],[-75]
1,178,213,2442,2442,2437,[-56],[-64],[-80]
1,178,213,2442,2442,2442,[-56],[-64],"[-79, -77, -76]"
1,178,213,2442,2442,2447,[-56],[-64],[-80]
1,178,213,2442,2447,2432,[-56],"[-68, -65]",[-75]
1,178,213,2442,2447,2437,[-56],"[-68, -65]",[-80]
1,178,213,2442,2447,2442,[-56],"[-68, -65]","[-79, -77, -76]"
1,178,213,2442,2447,2447,[-56],"[-68, -65]",[-80]
1,178,213,2447,2437,2432,[-54],"[-67, -65]",[-75]
1,178,213,2447,2437,2437,[-54],"[-67, -65]",[-80]
1,178,213,2447,2437,2442,[-54],"[-67, -65]","[-79, -77, -76]"
1,178,213,2447,2437,2447,[-54],"[-67, -65]",[-80]
1,178,213,2447,2442,2432,[-54],[-64],[-75]
1,178,213,2447,2442,2437,[-54],[-64],[-80]
1,178,213,2447,2442,2442,[-54],[-64],"[-79, -77, -76]"
1,178,213,2447,2442,2447,[-54],[-64],[-80]
1,178,213,2447,2447,2432,[-54],"[-68, -65]",[-75]
1,178,213,2447,2447,2437,[-54],"[-68, -65]",[-80]
1,178,213,2447,2447,2442,[-54],"[-68, -65]","[-79, -77, -76]"
1,178,213,2447,2447,2447,[-54],"[-68, -65]",[-80]
1,181,213,2432,2437,2437,[-55],"[-79, -75, -74]","[-91, -89, -86, -85]"
1,181,213,2432,2437,2442,[-55],"[-79, -75, -74]",[-87]
1,181,213,2432,2442,2437,[-55],"[-77, -71]","[-91, -89, -86, -85]"
1,181,213,2432,2442,2442,[-55],"[-77, -71]",[-87]
1,181,213,2432,2447,2437,[-55],[-76],"[-91, -89, -86, -85]"
1,181,213,2432,2447,2442,[-55],[-76],[-87]
1,181,213,2437,2437,2437,[-60],"[-79, -75, -74]","[-91, -89, -86, -85]"
1,181,213,2437,2437,2442,[-60],"[-79, -75, -74]",[-87]
1,181,213,2437,2442,2437,[-60],"[-77, -71]","[-91, -89, -86, -85]"
1,181,213,2437,2442,2442,[-60],"[-77, -71]",[-87]
1,181,213,2437,2447,2437,[-60],[-76],"[-91, -89, -86, -85]"
1,181,213,2437,2447,2442,[-60],[-76],[-87]
1,181,213,2442,2437,2437,"[-65, -61, -58]","[-79, -75, -74]","[-91, -89, -86, -85]"
1,181,213,2442,2437,2442,"[-65, -61, -58]","[-79, -75, -74]",[-87]
1,181,213,2442,2442,2437,"[-65, -61, -58]","[-77, -71]","[-91, -89, -86, -85]"
1,181,213,2442,2442,2442,"[-65, -61, -58]","[-77, -71]",[-87]
1,181,213,2442,2447,2437,"[-65, -61, -58]",[-76],"[-91, -89, -86, -85]"
1,181,213,2442,2447,2442,"[-65, -61, -58]",[-76],[-87]
1,184,213,2442,2437,2437,[-46],"[-74, -71, -66, -65]",[-82]
1,184,213,2442,2437,2442,[-46],"[-74, -71, -66, -65]","[-81, -80, -78]"
1,184,213,2442,2437,2447,[-46],"[-74, -71, -66, -65]",[-82]
1,184,213,2442,2442,2437,[-46],[-67],[-82]
1,184,213,2442,2442,2442,[-46],[-67],"[-81, -80, -78]"
1,184,213,2442,2442,2447,[-46],[-67],[-82]
1,184,213,2442,2447,2437,[-46],[-68],[-82]
1,184,213,2442,2447,2442,[-46],[-68],"[-81, -80, -78]"
1,184,213,2442,2447,2447,[-46],[-68],[-82]
1,184,213,2447,2437,2437,"[-52, -51]","[-74, -71, -66, -65]",[-82]
1,184,213,2447,2437,2442,"[-52, -51]","[-74, -71, -66, -65]","[-81, -80, -78]"
1,184,213,2447,2437,2447,"[-52, -51]","[-74, -71, -66, -65]",[-82]
1,184,213,2447,2442,2437,"[-52, -51]",[-67],[-82]
1,184,213,2447,2442,2442,"[-52, -51]",[-67],"[-81, -80, -78]"
1,184,213,2447,2442,2447,"[-52, -51]",[-67],[-82]
1,184,213,2447,2447,2437,"[-52, -51]",[-68],[-82]
1,184,213,2447,2447,2442,"[-52, -51]",[-68],"[-81, -80, -78]"
1,184,213,2447,2447,2447,"[-52, -51]",[-68],[-82]
1,184,213,2452,2437,2437,[-65],"[-74, -71, -66, -65]",[-82]
1,184,213,2452,2437,2442,[-65],"[-74, -71, -66, -65]","[-81, -80, -78]"
1,184,213,2452,2437,2447,[-65],"[-74, -71, -66, -65]",[-82]
1,184,213,2452,2442,2437,[-65],[-67],[-82]
1,184,213,2452,2442,2442,[-65],[-67],"[-81, -80, -78]"
1,184,213,2452,2442,2447,[-65],[-67],[-82]
1,184,213,2452,2447,2437,[-65],[-68],[-82]
1,184,213,2452,2447,2442,[-65],[-68],"[-81, -80, -78]"
1,184,213,2452,2447,2447,[-65],[-68],[-82]
1,187,213,2442,2427,2437,[-57],[-69],"[-83, -82]"
1,187,213,2442,2427,2442,[-57],[-69],"[-83, -82, -80]"
1,187,213,2442,2437,2437,[-57],[-63],"[-83, -82]"
1,187,213,2442,2437,2442,[-57],[-63],"[-83, -82, -80]"
1,187,213,2442,2442,2437,[-57],"[-65, -64]","[-83, -82]"
1,187,213,2442,2442,2442,[-57],"[-65, -64]","[-83, -82, -80]"
1,187,213,2442,2447,2437,[-57],[-71],"[-83, -82]"
1,187,213,2442,2447,2442,[-57],[-71],"[-83, -82, -80]"
1,187,213,2447,2427,2437,[-63],[-69],"[-83, -82]"
1,187,213,2447,2427,2442,[-63],[-69],"[-83, -82, -80]"
1,187,213,2447,2437,2437,[-63],[-63],"[-83, -82]"
1,187,213,2447,2437,2442,[-63],[-63],"[-83, -82, -80]"
1,187,213,2447,2442,2437,[-63],"[-65, -64]","[-83, -82]"
1,187,213,2447,2442,2442,[-63],"[-65, -64]","[-83, -82, -80]"
1,187,213,2447,2447,2437,[-63],[-71],"[-83, -82]"
1,187,213,2447,2447,2442,[-63],[-71],"[-83, -82, -80]"
1,190,111,2412,2412,2412,"[-92, -88, -86, -84]","[-95, -94, -92, -89, -87]","[-71, -65]"
1,190,111,2412,2412,2417,"[-92, -88, -86, -84]","[-95, -94, -92, -89, -87]","[-75, -68, -66, -65, -64, -63]"
1,190,111,2412,2412,2422,"[-92, -88, -86, -84]","[-95, -94, -92, -89, -87]",[-67]
1,190,111,2412,2412,2427,"[-92, -88, -86, -84]","[-95, -94, -92, -89, -87]","[-82, -80]"
1,193,111,0,0,2432,[100],[100],[-75]
1,193,111,0,0,2437,[100],[100],"[-75, -74, -73, -72, -71, -70, -68]"
1,193,111,0,0,2442,[100],[100],"[-80, -77, -76, -75, -74, -73, -72]"
1,196,111,0,0,2427,[100],[100],"[-78, -77]"
1,196,111,0,0,2432,[100],[100],"[-84, -80]"
1,196,111,0,0,2437,[100],[100],"[-85, -82, -78, -77, -69]"
1,196,111,0,0,2457,[100],[100],"[-74, -71, -70]"
1,196,111,0,0,2462,[100],[100],"[-81, -78]"
1,199,111,0,0,2442,[100],[100],[-77]
1,199,111,0,0,2452,[100],[100],"[-78, -77]"
1,199,111,0,0,2457,[100],[100],"[-76, -75, -74, -73, -72]"
1,199,111,0,0,2462,[100],[100],"[-81, -80, -79]"
1,202,111,2452,0,2442,"[-88, -85]",[100],[-76]
1,202,111,2452,0,2452,"[-88, -85]",[100],"[-76, -75, -71]"
1,202,111,2452,0,2457,"[-88, -85]",[100],"[-73, -72, -71, -70, -69]"
1,202,111,2452,0,2462,"[-88, -85]",[100],"[-78, -74]"
1,205,111,2452,0,2437,"[-89, -86]",[100],[-79]
1,205,111,2452,0,2452,"[-89, -86]",[100],[-65]
1,205,111,2452,0,2457,"[-89, -86]",[100],"[-72, -70, -65]"
1,205,111,2452,0,2462,"[-89, -86]",[100],"[-75, -73, -71, -70, -69]"
1,208,111,0,0,2452,[100],[100],"[-75, -71]"
1,208,111,0,0,2457,[100],[100],"[-74, -71, -69]"
1,208,111,0,0,2462,[100],[100],"[-78, -76, -75, -74, -70]"
1,211,111,2452,0,2452,[-90],[100],"[-66, -64]"
1,211,111,2452,0,2457,[-90],[100],"[-68, -64, -62, -61]"
1,211,111,2452,0,2462,[-90],[100],"[-69, -68, -67, -66, -65]"
1,214,111,0,0,2412,[100],[100],[-71]
1,214,111,0,0,2417,[100],[100],"[-73, -72, -70, -67, -66, -64]"
1,214,111,0,0,2422,[100],[100],"[-76, -73, -71, -70]"
1,217,111,2412,0,2412,"[-92, -89, -87]",[100],[-66]
1,217,111,2412,0,2417,"[-92, -89, -87]",[100],"[-69, -67, -64, -63, -62]"
1,217,111,2412,0,2427,"[-92, -89, -87]",[100],"[-91, -85, -83]"
1,217,111,2417,0,2412,"[-86, -83]",[100],[-66]
1,217,111,2417,0,2417,"[-86, -83]",[100],"[-69, -67, -64, -63, -62]"
1,217,111,2417,0,2427,"[-86, -83]",[100],"[-91, -85, -83]"
1,220,111,0,0,2412,[100],[100],[-68]
1,220,111,0,0,2417,[100],[100],"[-74, -73, -72, -71, -67, -64]"
1,220,111,0,0,2422,[100],[100],"[-75, -74, -73, -71]"
1,223,111,0,0,2412,[100],[100],"[-65, -63]"
1,223,111,0,0,2417,[100],[100],"[-70, -67, -58, -55]"
1,223,111,0,0,2422,[100],[100],"[-69, -68, -66]"
1,223,111,0,0,2427,[100],[100],[-79]
1,226,111,0,0,2412,[100],[100],"[-71, -67]"
1,226,111,0,0,2417,[100],[100],"[-74, -69, -68, -67, -66, -65]"
1,226,111,0,0,2422,[100],[100],"[-73, -72, -70]"
1,226,111,0,0,2427,[100],[100],[-79]
1,229,111,0,0,2412,[100],[100],"[-71, -70, -66]"
1,229,111,0,0,2417,[100],[100],"[-69, -67, -66, -65, -64, -63]"
1,229,111,0,0,2422,[100],[100],"[-74, -73]"
1,232,111,0,0,2412,[100],[100],"[-73, -72, -70, -69]"
1,232,111,0,0,2417,[100],[100],"[-72, -71, -70, -69, -68]"
1,232,111,0,0,2422,[100],[100],[-78]
1,235,111,2412,0,2412,"[-90, -89, -88]",[100],"[-68, -67, -66, -65]"
1,235,111,2412,0,2417,"[-90, -89, -88]",[100],"[-71, -70, -69, -62]"
1,235,111,2412,0,2422,"[-90, -89, -88]",[100],[-65]
1,238,111,0,0,2457,[100],[100],"[-72, -69, -66, -65]"
1,238,111,0,0,2462,[100],[100],"[-76, -70, -69, -68, -67, -66, -64]"
1,241,111,2462,0,2457,"[-95, -77]",[100],[-58]
1,241,111,2462,0,2462,"[-95, -77]",[100],"[-69, -65, -63, -62, -61, -58, -57, -55, -54]"
1,244,111,2462,0,2457,[-83],[100],"[-66, -65, -61]"
1,244,111,2462,0,2462,[-83],[100],"[-71, -65, -62, -60, -59]"
1,247,111,0,0,2457,[100],[100],"[-66, -64, -61]"
1,247,111,0,0,2462,[100],[100],"[-70, -68, -65, -63, -62, -61, -58]"
1,250,111,0,0,2442,[100],[100],"[-69, -66]"
1,250,111,0,0,2447,[100],[100],"[-68, -66, -65, -62, -60]"
1,250,111,0,0,2452,[100],[100],[-74]
1,250,111,0,0,2457,[100],[100],[-79]
1,253,111,0,0,2442,[100],[100],[-68]
1,253,111,0,0,2447,[100],[100],"[-70, -67, -66, -61]"
1,253,111,0,0,2452,[100],[100],"[-71, -70]"
1,256,111,0,0,2442,[100],[100],[-66]
1,256,111,0,0,2452,[100],[100],"[-76, -75, -74, -73, -72, -71]"
1,259,111,0,0,2447,[100],[100],"[-70, -68]"
1,259,111,0,0,2452,[100],[100],"[-79, -76, -75, -71]"
1,259,111,0,0,2457,[100],[100],"[-80, -79]"
1,262,111,0,0,2442,[100],[100],"[-72, -70, -69]"
1,262,111,0,0,2447,[100],[100],[-70]
1,262,111,0,0,2452,[100],[100],"[-74, -71]"
1,262,111,0,0,2457,[100],[100],"[-83, -82, -79, -78]"
1,265,111,0,0,2437,[100],[100],[-60]
1,265,111,0,0,2442,[100],[100],[-61]
1,265,111,0,0,2447,[100],[100],"[-61, -58]"
1,265,111,0,0,2457,[100],[100],"[-86, -81, -80]"
1,268,111,2442,0,2447,[-87],[100],"[-66, -65, -64, -63]"
1,268,111,2442,0,2452,[-87],[100],"[-72, -68, -67, -64]"
1,271,111,0,0,2447,[100],[100],"[-67, -65, -64, -62]"
1,271,111,0,0,2452,[100],[100],"[-69, -68, -67, -66]"
1,274,111,2442,0,2442,[-88],[100],"[-67, -64]"
1,274,111,2442,0,2447,[-88],[100],"[-69, -67, -66, -65, -64]"
1,274,111,2442,0,2457,[-88],[100],"[-81, -79, -77]"
1,277,111,2427,0,2432,[-81],[100],"[-61, -60]"
1,277,111,2427,0,2437,[-81],[100],"[-64, -61]"
1,277,111,2427,0,2442,[-81],[100],"[-67, -66, -64]"
1,277,111,2427,0,2447,[-81],[100],[-75]
1,277,111,2432,0,2432,[-81],[100],"[-61, -60]"
1,277,111,2432,0,2437,[-81],[100],"[-64, -61]"
1,277,111,2432,0,2442,[-81],[100],"[-67, -66, -64]"
1,277,111,2432,0,2447,[-81],[100],[-75]
1,280,111,0,0,2447,[100],[100],"[-69, -65, -62]"
1,280,111,0,0,2452,[100],[100],"[-70, -67]"
1,280,111,0,0,2457,[100],[100],[-86]
1,283,111,2442,0,2442,[-80],[100],"[-69, -64]"
1,283,111,2442,0,2447,[-80],[100],"[-65, -64, -63, -60]"
1,283,111,2442,0,2457,[-80],[100],[-85]
1,283,111,2447,0,2442,[-83],[100],"[-69, -64]"
1,283,111,2447,0,2447,[-83],[100],"[-65, -64, -63, -60]"
1,283,111,2447,0,2457,[-83],[100],[-85]
1,286,111,0,0,2442,[100],[100],"[-63, -62]"
1,286,111,0,0,2447,[100],[100],[-63]
1,286,111,0,0,2452,[100],[100],"[-64, -63]"
1,286,111,0,0,2457,[100],[100],"[-82, -77, -74]"
1,289,111,0,0,2442,[100],[100],"[-71, -69]"
1,289,111,0,0,2447,[100],[100],"[-70, -69, -68, -67]"
1,289,111,0,0,2452,[100],[100],"[-72, -71]"
1,289,111,0,0,2457,[100],[100],[-80]
1,292,111,2417,2412,2412,"[-77, -76, -75, -74]",[-98],[-53]
1,292,111,2417,2412,2427,"[-77, -76, -75, -74]",[-98],"[-78, -68, -67, -66, -65, -64]"
1,295,111,2412,0,2412,[-79],[100],"[-66, -65]"
1,295,111,2412,0,2417,[-79],[100],"[-69, -64, -62, -61, -58]"
1,295,111,2412,0,2422,[-79],[100],"[-67, -65]"
1,295,111,2417,0,2412,"[-79, -78]",[100],"[-66, -65]"
1,295,111,2417,0,2417,"[-79, -78]",[100],"[-69, -64, -62, -61, -58]"
1,295,111,2417,0,2422,"[-79, -78]",[100],"[-67, -65]"
1,298,111,2417,0,2412,[-83],[100],[-60]
1,298,111,2417,0,2417,[-83],[100],[-52]
1,298,111,2417,0,2427,[-83],[100],"[-78, -74, -71, -70, -67, -66, -65, -61]"
1,301,111,0,0,2412,[100],[100],"[-66, -65]"
1,301,111,0,0,2417,[100],[100],"[-67, -64, -62]"
1,301,111,0,0,2427,[100],[100],"[-80, -78, -77, -74]"
1,304,111,2417,0,2412,[-86],[100],"[-69, -67, -61]"
1,304,111,2417,0,2417,[-86],[100],"[-66, -62]"
1,304,111,2417,0,2427,[-86],[100],"[-81, -80, -79, -77, -75]"
1,304,111,2422,0,2412,[-85],[100],"[-69, -67, -61]"
1,304,111,2422,0,2417,[-85],[100],"[-66, -62]"
1,304,111,2422,0,2427,[-85],[100],"[-81, -80, -79, -77, -75]"
1,307,111,2412,0,2412,[-78],[100],"[-60, -55]"
1,307,111,2412,0,2417,[-78],[100],[-51]
1,307,111,2412,0,2422,[-78],[100],[-56]
1,307,111,2412,0,2427,[-78],[100],"[-75, -74, -72, -63]"
1,307,111,2417,0,2412,[-82],[100],"[-60, -55]"
1,307,111,2417,0,2417,[-82],[100],[-51]
1,307,111,2417,0,2422,[-82],[100],[-56]
1,307,111,2417,0,2427,[-82],[100],"[-75, -74, -72, -63]"
1,310,111,0,0,2412,[100],[100],[-57]
1,310,111,0,0,2422,[100],[100],[-57]
1,310,111,0,0,2427,[100],[100],"[-78, -75, -72, -70, -68, -65]"
1,313,111,0,0,2412,[100],[100],[-65]
1,313,111,0,0,2417,[100],[100],"[-71, -67, -63, -62, -59]"
1,313,111,0,0,2422,[100],[100],"[-68, -66]"
1,313,111,0,0,2427,[100],[100],[-81]
1,316,111,0,0,2412,[100],[100],[-55]
1,316,111,0,0,2417,[100],[100],"[-55, -49, -48]"
1,316,111,0,0,2427,[100],[100],"[-64, -63, -62]"
1,319,111,0,0,2412,[100],[100],"[-51, -50]"
1,319,111,0,0,2417,[100],[100],"[-51, -50, -46]"
1,319,111,0,0,2427,[100],[100],"[-74, -68, -66, -64, -61, -60, -59, -58]"
1,322,111,2417,0,2412,"[-81, -77, -76, -75]",[100],[-61]
1,322,111,2417,0,2417,"[-81, -77, -76, -75]",[100],"[-59, -57]"
1,322,111,2417,0,2422,"[-81, -77, -76, -75]",[100],"[-68, -64, -63, -62, -61]"
1,322,111,2417,0,2427,"[-81, -77, -76, -75]",[100],[-79]
1,325,111,2417,0,2412,[-82],[100],"[-65, -64, -63]"
1,325,111,2417,0,2417,[-82],[100],"[-64, -62, -59, -57]"
1,325,111,2417,0,2427,[-82],[100],"[-81, -80]"
1,328,111,2412,0,2412,[-75],[100],"[-58, -57, -56]"
1,328,111,2412,0,2417,[-75],[100],"[-55, -53]"
1,328,111,2412,0,2422,[-75],[100],[-56]
1,328,111,2412,0,2427,[-75],[100],"[-80, -66, -65, -64]"
1,328,111,2417,0,2412,"[-85, -75]",[100],"[-58, -57, -56]"
1,328,111,2417,0,2417,"[-85, -75]",[100],"[-55, -53]"
1,328,111,2417,0,2422,"[-85, -75]",[100],[-56]
1,328,111,2417,0,2427,"[-85, -75]",[100],"[-80, -66, -65, -64]"
1,331,111,2412,0,2412,[-82],[100],"[-62, -59, -58]"
1,331,111,2412,0,2417,[-82],[100],"[-60, -57, -55, -54]"
1,331,111,2412,0,2427,[-82],[100],"[-83, -80, -74, -66, -64]"
1,331,111,2417,0,2412,"[-88, -81, -80, -79, -75]",[100],"[-62, -59, -58]"
1,331,111,2417,0,2417,"[-88, -81, -80, -79, -75]",[100],"[-60, -57, -55, -54]"
1,331,111,2417,0,2427,"[-88, -81, -80, -79, -75]",[100],"[-83, -80, -74, -66, -64]"
1,331,111,2422,0,2412,[-75],[100],"[-62, -59, -58]"
1,331,111,2422,0,2417,[-75],[100],"[-60, -57, -55, -54]"
1,331,111,2422,0,2427,[-75],[100],"[-83, -80, -74, -66, -64]"
1,334,111,2422,2412,2417,[-88],[-92],[-49]
1,334,111,2422,2412,2422,[-88],[-92],[-57]
1,334,111,2422,2412,2427,[-88],[-92],"[-85, -78, -70, -69, -67, -66, -65, -64]"
1,337,111,0,0,2417,[100],[100],"[-70, -65]"
1,337,111,0,0,2422,[100],[100],"[-78, -75, -68]"
1,337,111,0,0,2427,[100],[100],"[-83, -80, -79, -77, -75]"
1,340,111,2417,0,2412,"[-77, -75]",[100],"[-54, -53]"
1,340,111,2417,0,2417,"[-77, -75]",[100],"[-54, -50, -45]"
1,340,111,2417,0,2427,"[-77, -75]",[100],"[-72, -66, -63, -62, -61, -60, -59]"
1,340,111,2422,0,2412,[-84],[100],"[-54, -53]"
1,340,111,2422,0,2417,[-84],[100],"[-54, -50, -45]"
1,340,111,2422,0,2427,[-84],[100],"[-72, -66, -63, -62, -61, -60, -59]"
1,343,111,2417,2412,2412,[-78],"[-95, -94, -91]",[-53]
1,343,111,2417,2412,2417,[-78],"[-95, -94, -91]","[-58, -52, -49]"
1,343,111,2417,2412,2422,[-78],"[-95, -94, -91]",[-53]
1,343,111,2417,2412,2427,[-78],"[-95, -94, -91]","[-75, -70, -69, -68, -66, -63, -62]"
1,346,111,2417,0,2412,[-71],[100],"[-55, -54]"
1,346,111,2417,0,2417,[-71],[100],[-49]
1,346,111,2417,0,2422,[-71],[100],[-52]
1,346,111,2417,0,2427,[-71],[100],"[-80, -77, -68, -63]"
1,346,111,2422,0,2412,"[-82, -77, -72]",[100],"[-55, -54]"
1,346,111,2422,0,2417,"[-82, -77, -72]",[100],[-49]
1,346,111,2422,0,2422,"[-82, -77, -72]",[100],[-52]
1,346,111,2422,0,2427,"[-82, -77, -72]",[100],"[-80, -77, -68, -63]"
1,349,111,2412,0,2412,"[-84, -81]",[100],[-54]
1,349,111,2412,0,2417,"[-84, -81]",[100],[-52]
1,349,111,2412,0,2422,"[-84, -81]",[100],[-60]
1,349,111,2412,0,2427,"[-84, -81]",[100],"[-67, -65, -64, -63, -62, -60, -56]"
1,352,111,0,0,2422,[100],[100],"[-60, -57, -56, -49]"
1,352,111,0,0,2427,[100],[100],"[-82, -74, -64]"
1,355,111,2432,2437,2432,"[-92, -83, -82, -81]",[-89],[-45]
1,355,111,2432,2437,2437,"[-92, -83, -82, -81]",[-89],"[-50, -47]"
1,355,111,2432,2437,2442,"[-92, -83, -82, -81]",[-89],"[-51, -50]"
1,355,111,2432,2437,2447,"[-92, -83, -82, -81]",[-89],"[-65, -64]"
1,355,111,2437,2437,2432,"[-81, -80, -79]",[-89],[-45]
1,355,111,2437,2437,2437,"[-81, -80, -79]",[-89],"[-50, -47]"
1,355,111,2437,2437,2442,"[-81, -80, -79]",[-89],"[-51, -50]"
1,355,111,2437,2437,2447,"[-81, -80, -79]",[-89],"[-65, -64]"
1,355,111,2442,2437,2432,[-84],[-89],[-45]
1,355,111,2442,2437,2437,[-84],[-89],"[-50, -47]"
1,355,111,2442,2437,2442,[-84],[-89],"[-51, -50]"
1,355,111,2442,2437,2447,[-84],[-89],"[-65, -64]"
1,358,111,2427,2432,2417,[-77],[-81],[-66]
1,358,111,2427,2432,2427,[-77],[-81],[-42]
1,358,111,2427,2432,2437,[-77],[-81],[-46]
1,358,111,2427,2432,2447,[-77],[-81],"[-64, -59, -58]"
1,358,111,2432,2432,2417,"[-87, -82]",[-81],[-66]
1,358,111,2432,2432,2427,"[-87, -82]",[-81],[-42]
1,358,111,2432,2432,2437,"[-87, -82]",[-81],[-46]
1,358,111,2432,2432,2447,"[-87, -82]",[-81],"[-64, -59, -58]"
1,361,111,2432,0,2432,[-77],[100],[-52]
1,361,111,2432,0,2437,[-77],[100],"[-54, -53, -52]"
1,361,111,2432,0,2442,[-77],[100],"[-59, -58, -57, -55]"
1,361,111,2432,0,2447,[-77],[100],"[-72, -71, -70]"
1,364,111,2432,2432,2432,[-84],[-84],[-43]
1,364,111,2432,2432,2437,[-84],[-84],"[-53, -45]"
1,364,111,2432,2432,2447,[-84],[-84],[-60]
1,364,111,2432,2432,2452,[-84],[-84],"[-77, -76]"
1,367,111,2432,0,2412,[-80],[100],[-67]
1,367,111,2432,0,2437,[-80],[100],"[-40, -39]"
1,367,111,2432,0,2447,[-80],[100],[-56]
1,370,111,2427,2432,2432,"[-82, -77]","[-93, -90, -89, -87, -86, -85, -81]",[-39]
1,370,111,2427,2432,2437,"[-82, -77]","[-93, -90, -89, -87, -86, -85, -81]","[-42, -40]"
1,370,111,2427,2432,2447,"[-82, -77]","[-93, -90, -89, -87, -86, -85, -81]","[-58, -57]"
1,370,111,2427,2432,2452,"[-82, -77]","[-93, -90, -89, -87, -86, -85, -81]",[-73]
1,370,111,2432,2432,2432,"[-90, -89, -85]","[-93, -90, -89, -87, -86, -85, -81]",[-39]
1,370,111,2432,2432,2437,"[-90, -89, -85]","[-93, -90, -89, -87, -86, -85, -81]","[-42, -40]"
1,370,111,2432,2432,2447,"[-90, -89, -85]","[-93, -90, -89, -87, -86, -85, -81]","[-58, -57]"
1,370,111,2432,2432,2452,"[-90, -89, -85]","[-93, -90, -89, -87, -86, -85, -81]",[-73]
1,370,111,2437,2432,2432,"[-85, -84, -83]","[-93, -90, -89, -87, -86, -85, -81]",[-39]
1,370,111,2437,2432,2437,"[-85, -84, -83]","[-93, -90, -89, -87, -86, -85, -81]","[-42, -40]"
1,370,111,2437,2432,2447,"[-85, -84, -83]","[-93, -90, -89, -87, -86, -85, -81]","[-58, -57]"
1,370,111,2437,2432,2452,"[-85, -84, -83]","[-93, -90, -89, -87, -86, -85, -81]",[-73]
1,373,111,2432,2427,2437,[-80],"[-88, -83]",[-50]
1,373,111,2432,2427,2442,[-80],"[-88, -83]",[-54]
1,373,111,2432,2427,2447,[-80],"[-88, -83]","[-69, -68, -67, -62]"
1,373,111,2432,2432,2437,[-80],"[-91, -90, -87, -86, -85]",[-50]
1,373,111,2432,2432,2442,[-80],"[-91, -90, -87, -86, -85]",[-54]
1,373,111,2432,2432,2447,[-80],"[-91, -90, -87, -86, -85]","[-69, -68, -67, -62]"
1,373,111,2437,2427,2437,"[-80, -79, -78, -77, -76]","[-88, -83]",[-50]
1,373,111,2437,2427,2442,"[-80, -79, -78, -77, -76]","[-88, -83]",[-54]
1,373,111,2437,2427,2447,"[-80, -79, -78, -77, -76]","[-88, -83]","[-69, -68, -67, -62]"
1,373,111,2437,2432,2437,"[-80, -79, -78, -77, -76]","[-91, -90, -87, -86, -85]",[-50]
1,373,111,2437,2432,2442,"[-80, -79, -78, -77, -76]","[-91, -90, -87, -86, -85]",[-54]
1,373,111,2437,2432,2447,"[-80, -79, -78, -77, -76]","[-91, -90, -87, -86, -85]","[-69, -68, -67, -62]"
1,373,111,2442,2427,2437,"[-83, -82]","[-88, -83]",[-50]
1,373,111,2442,2427,2442,"[-83, -82]","[-88, -83]",[-54]
1,373,111,2442,2427,2447,"[-83, -82]","[-88, -83]","[-69, -68, -67, -62]"
1,373,111,2442,2432,2437,"[-83, -82]","[-91, -90, -87, -86, -85]",[-50]
1,373,111,2442,2432,2442,"[-83, -82]","[-91, -90, -87, -86, -85]",[-54]
1,373,111,2442,2432,2447,"[-83, -82]","[-91, -90, -87, -86, -85]","[-69, -68, -67, -62]"
1,376,111,2432,2432,2437,"[-91, -89, -88, -86, -85, -84, -83, -82, -81]","[-87, -86, -84, -83]",[-46]
1,376,111,2432,2432,2447,"[-91, -89, -88, -86, -85, -84, -83, -82, -81]","[-87, -86, -84, -83]","[-65, -64, -63, -62]"
1,376,111,2437,2432,2437,[-83],"[-87, -86, -84, -83]",[-46]
1,376,111,2437,2432,2447,[-83],"[-87, -86, -84, -83]","[-65, -64, -63, -62]"
2,1,214,2452,2447,0,[-78],[-71],[100]
2,1,214,2452,2462,0,[-78],"[-70, -66, -62, -61, -58, -57, -56]",[100]
2,1,214,2457,2447,0,"[-82, -72]",[-71],[100]
2,1,214,2457,2462,0,"[-82, -72]","[-70, -66, -62, -61, -58, -57, -56]",[100]
2,1,214,2462,2447,0,"[-82, -81, -78, -77, -72]",[-71],[100]
2,1,214,2462,2462,0,"[-82, -81, -78, -77, -72]","[-70, -66, -62, -61, -58, -57, -56]",[100]
2,4,214,2457,2457,0,[-85],[-54],[100]
2,4,214,2457,2462,0,[-85],"[-60, -57, -56]",[100]
2,4,214,2462,2457,0,"[-90, -83, -80]",[-54],[100]
2,4,214,2462,2462,0,"[-90, -83, -80]","[-60, -57, -56]",[100]
2,7,214,2457,2457,0,"[-80, -78]",[-51],[100]
2,7,214,2457,2462,0,"[-80, -78]","[-60, -57, -53, -46]",[100]
2,7,214,2462,2457,0,"[-82, -79, -78]",[-51],[100]
2,7,214,2462,2462,0,"[-82, -79, -78]","[-60, -57, -53, -46]",[100]
2,10,214,2462,2457,0,[-79],[-67],[100]
2,10,214,2462,2462,0,[-79],"[-71, -69, -66, -63]",[100]
2,13,214,2462,2457,0,"[-81, -80, -77, -76, -75]","[-61, -59]",[100]
2,13,214,2462,2462,0,"[-81, -80, -77, -76, -75]","[-64, -57, -56]",[100]
2,16,214,2462,2457,0,"[-87, -86, -85, -84, -83, -79]",[-55],[100]
2,16,214,2462,2462,0,"[-87, -86, -85, -84, -83, -79]","[-64, -52, -48, -44]",[100]
2,19,214,2412,2412,0,[-82],[-72],[100]
2,19,214,2412,2417,0,[-82],"[-67, -65, -62]",[100]
2,19,214,2412,2422,0,[-82],[-69],[100]
2,22,214,2462,2452,0,[-87],[-54],[100]
2,22,214,2462,2457,0,[-87],"[-63, -46]",[100]
2,22,214,2462,2462,0,[-87],"[-59, -53, -52]",[100]
2,25,214,2457,2462,0,[-84],"[-64, -53, -48, -44]",[100]
2,25,214,2462,2462,0,"[-93, -89, -88, -82, -81]","[-64, -53, -48, -44]",[100]
2,28,214,2462,2457,0,"[-87, -79, -75]",[-61],[100]
2,28,214,2462,2462,0,"[-87, -79, -75]","[-66, -64]",[100]
2,31,214,2462,2462,0,"[-78, -76, -70]","[-60, -55, -51]",[100]
2,34,214,2457,2457,0,"[-84, -79]",[-50],[100]
2,34,214,2457,2462,0,"[-84, -79]","[-55, -45, -44]",[100]
2,34,214,2462,2457,0,"[-80, -79]",[-50],[100]
2,34,214,2462,2462,0,"[-80, -79]","[-55, -45, -44]",[100]
2,37,214,2462,2457,0,"[-90, -84, -80, -77, -74]",[-65],[100]
2,37,214,2462,2462,0,"[-90, -84, -80, -77, -74]","[-72, -67, -63, -59]",[100]
2,40,214,2462,2462,0,"[-84, -79, -77, -76]","[-65, -62, -52, -51]",[100]
2,43,214,2462,2457,0,"[-88, -85, -83, -80, -79]",[-69],[100]
2,43,214,2462,2462,0,"[-88, -85, -83, -80, -79]","[-68, -58, -57, -53, -51]",[100]
2,46,214,2462,2462,0,"[-80, -76, -74]","[-69, -67, -65, -64, -63, -60]",[100]
2,49,214,2462,2457,0,"[-85, -84, -81, -79, -78, -69]","[-58, -56]",[100]
2,49,214,2462,2462,0,"[-85, -84, -81, -79, -78, -69]","[-58, -57]",[100]
2,52,214,2462,2457,0,"[-90, -87]","[-72, -69]",[100]
2,52,214,2462,2462,0,"[-90, -87]",[-70],[100]
2,55,214,2412,2412,0,[-84],"[-75, -68, -65]",[100]
2,55,214,2412,2417,0,[-84],"[-68, -66, -64, -63]",[100]
2,55,214,2417,2412,0,"[-85, -83]","[-75, -68, -65]",[100]
2,55,214,2417,2417,0,"[-85, -83]","[-68, -66, -64, -63]",[100]
2,58,214,2412,2412,0,[-79],"[-66, -60]",[100]
2,58,214,2412,2417,0,[-79],"[-70, -64, -61, -52]",[100]
2,58,214,2412,2422,0,[-79],[-60],[100]
2,58,214,2417,2412,0,"[-88, -77, -74, -72, -71]","[-66, -60]",[100]
2,58,214,2417,2417,0,"[-88, -77, -74, -72, -71]","[-70, -64, -61, -52]",[100]
2,58,214,2417,2422,0,"[-88, -77, -74, -72, -71]",[-60],[100]
2,58,214,2422,2412,0,[-82],"[-66, -60]",[100]
2,58,214,2422,2417,0,[-82],"[-70, -64, -61, -52]",[100]
2,58,214,2422,2422,0,[-82],[-60],[100]
2,61,214,2457,2462,0,[-77],"[-57, -55, -46]",[100]
2,61,214,2462,2462,0,"[-88, -83, -80, -79, -76, -71]","[-57, -55, -46]",[100]
2,64,214,2412,2412,0,[-80],"[-74, -73, -71]",[100]
2,64,214,2412,2417,0,[-80],"[-69, -67, -66, -61, -59]",[100]
2,64,214,2412,2422,0,[-80],[-77],[100]
2,64,214,2417,2412,0,"[-85, -78]","[-74, -73, -71]",[100]
2,64,214,2417,2417,0,"[-85, -78]","[-69, -67, -66, -61, -59]",[100]
2,64,214,2417,2422,0,"[-85, -78]",[-77],[100]
2,67,214,2412,2412,0,[-75],[-60],[100]
2,67,214,2412,2417,0,[-75],"[-59, -56, -53]",[100]
2,67,214,2417,2412,0,"[-79, -75]",[-60],[100]
2,67,214,2417,2417,0,"[-79, -75]","[-59, -56, -53]",[100]
2,70,214,2457,2457,2462,[-76],[-51],[-95]
2,70,214,2457,2462,2462,[-76],"[-51, -49, -47, -46, -45]",[-95]
2,70,214,2462,2457,2462,"[-89, -88, -79, -78, -77]",[-51],[-95]
2,70,214,2462,2462,2462,"[-89, -88, -79, -78, -77]","[-51, -49, -47, -46, -45]",[-95]
2,73,214,2412,2412,0,"[-83, -78]",[-62],[100]
2,73,214,2412,2417,0,"[-83, -78]","[-68, -61, -60, -58]",[100]
2,73,214,2412,2422,0,"[-83, -78]","[-65, -64]",[100]
2,73,214,2417,2412,0,"[-83, -77]",[-62],[100]
2,73,214,2417,2417,0,"[-83, -77]","[-68, -61, -60, -58]",[100]
2,73,214,2417,2422,0,"[-83, -77]","[-65, -64]",[100]
2,73,214,2422,2412,0,[-78],[-62],[100]
2,73,214,2422,2417,0,[-78],"[-68, -61, -60, -58]",[100]
2,73,214,2422,2422,0,[-78],"[-65, -64]",[100]
2,76,214,2417,2417,0,"[-75, -71, -69]","[-68, -60, -59]",[100]
2,76,214,2422,2417,0,[-77],"[-68, -60, -59]",[100]
2,79,214,2462,2457,2462,"[-85, -83, -82, -76]",[-46],[-94]
2,79,214,2462,2462,2462,"[-85, -83, -82, -76]","[-53, -51, -43]",[-94]
2,103,213,2462,2457,2457,"[-66, -63, -61, -59, -55]","[-68, -67, -65]",[-92]
2,103,213,2462,2457,2462,"[-66, -63, -61, -59, -55]","[-68, -67, -65]",[-94]
2,103,213,2462,2462,2457,"[-66, -63, -61, -59, -55]","[-74, -71, -64]",[-92]
2,103,213,2462,2462,2462,"[-66, -63, -61, -59, -55]","[-74, -71, -64]",[-94]
2,106,213,2462,2457,2462,"[-69, -65, -62, -58]","[-66, -64, -61, -60]","[-94, -91, -83]"
2,106,213,2462,2462,2462,"[-69, -65, -62, -58]",[-67],"[-94, -91, -83]"
2,109,213,2457,2457,0,"[-75, -60]",[-59],[100]
2,109,213,2457,2462,0,"[-75, -60]","[-62, -60, -59]",[100]
2,109,213,2462,2457,0,"[-69, -68, -67, -66, -61]",[-59],[100]
2,109,213,2462,2462,0,"[-69, -68, -67, -66, -61]","[-62, -60, -59]",[100]
2,112,213,2442,2437,2442,"[-91, -89]",[-84],"[-92, -90]"
2,112,213,2442,2442,2442,"[-91, -89]",[-85],"[-92, -90]"
2,112,213,2442,2452,2442,"[-91, -89]",[-70],"[-92, -90]"
2,112,213,2442,2457,2442,"[-91, -89]","[-70, -69, -65]","[-92, -90]"
2,112,213,2442,2462,2442,"[-91, -89]","[-78, -77, -66]","[-92, -90]"
2,112,213,2462,2437,2442,"[-53, -51]",[-84],"[-92, -90]"
2,112,213,2462,2442,2442,"[-53, -51]",[-85],"[-92, -90]"
2,112,213,2462,2452,2442,"[-53, -51]",[-70],"[-92, -90]"
2,112,213,2462,2457,2442,"[-53, -51]","[-70, -69, -65]","[-92, -90]"
2,112,213,2462,2462,2442,"[-53, -51]","[-78, -77, -66]","[-92, -90]"
2,115,213,2457,2457,2457,"[-58, -47]","[-67, -65]",[-86]
2,115,213,2457,2457,2462,"[-58, -47]","[-67, -65]","[-93, -92]"
2,115,213,2457,2462,2457,"[-58, -47]","[-69, -68, -64]",[-86]
2,115,213,2457,2462,2462,"[-58, -47]","[-69, -68, -64]","[-93, -92]"
2,115,213,2462,2457,2457,"[-63, -59, -56, -54, -53, -48]","[-67, -65]",[-86]
2,115,213,2462,2457,2462,"[-63, -59, -56, -54, -53, -48]","[-67, -65]","[-93, -92]"
2,115,213,2462,2462,2457,"[-63, -59, -56, -54, -53, -48]","[-69, -68, -64]",[-86]
2,115,213,2462,2462,2462,"[-63, -59, -56, -54, -53, -48]","[-69, -68, -64]","[-93, -92]"
2,118,213,2457,2457,0,[-66],"[-69, -61, -60, -59]",[100]
2,118,213,2457,2462,0,[-66],"[-60, -59]",[100]
2,118,213,2462,2457,0,"[-68, -66, -60, -57, -55]","[-69, -61, -60, -59]",[100]
2,118,213,2462,2462,0,"[-68, -66, -60, -57, -55]","[-60, -59]",[100]
2,121,213,2442,2442,2442,"[-84, -81, -79]",[-83],[-89]
2,121,213,2442,2442,2457,"[-84, -81, -79]",[-83],[-96]
2,121,213,2442,2442,2462,"[-84, -81, -79]",[-83],"[-95, -93, -88]"
2,121,213,2442,2447,2442,"[-84, -81, -79]",[-79],[-89]
2,121,213,2442,2447,2457,"[-84, -81, -79]",[-79],[-96]
2,121,213,2442,2447,2462,"[-84, -81, -79]",[-79],"[-95, -93, -88]"
2,121,213,2442,2457,2442,"[-84, -81, -79]","[-69, -66]",[-89]
2,121,213,2442,2457,2457,"[-84, -81, -79]","[-69, -66]",[-96]
2,121,213,2442,2457,2462,"[-84, -81, -79]","[-69, -66]","[-95, -93, -88]"
2,121,213,2442,2462,2442,"[-84, -81, -79]","[-71, -66, -65]",[-89]
2,121,213,2442,2462,2457,"[-84, -81, -79]","[-71, -66, -65]",[-96]
2,121,213,2442,2462,2462,"[-84, -81, -79]","[-71, -66, -65]","[-95, -93, -88]"
2,121,213,2462,2442,2442,"[-71, -55]",[-83],[-89]
2,121,213,2462,2442,2457,"[-71, -55]",[-83],[-96]
2,121,213,2462,2442,2462,"[-71, -55]",[-83],"[-95, -93, -88]"
2,121,213,2462,2447,2442,"[-71, -55]",[-79],[-89]
2,121,213,2462,2447,2457,"[-71, -55]",[-79],[-96]
2,121,213,2462,2447,2462,"[-71, -55]",[-79],"[-95, -93, -88]"
2,121,213,2462,2457,2442,"[-71, -55]","[-69, -66]",[-89]
2,121,213,2462,2457,2457,"[-71, -55]","[-69, -66]",[-96]
2,121,213,2462,2457,2462,"[-71, -55]","[-69, -66]","[-95, -93, -88]"
2,121,213,2462,2462,2442,"[-71, -55]","[-71, -66, -65]",[-89]
2,121,213,2462,2462,2457,"[-71, -55]","[-71, -66, -65]",[-96]
2,121,213,2462,2462,2462,"[-71, -55]","[-71, -66, -65]","[-95, -93, -88]"
2,124,213,2442,2457,2457,[-94],"[-71, -66]",[-89]
2,124,213,2442,2457,2462,[-94],"[-71, -66]","[-92, -89, -88]"
2,124,213,2442,2462,2457,[-94],"[-65, -64, -62]",[-89]
2,124,213,2442,2462,2462,[-94],"[-65, -64, -62]","[-92, -89, -88]"
2,127,213,2447,2462,2462,[-73],"[-62, -61, -60, -59, -57, -56]","[-98, -93, -92]"
2,127,213,2457,2462,2462,[-56],"[-62, -61, -60, -59, -57, -56]","[-98, -93, -92]"
2,127,213,2462,2462,2462,[-64],"[-62, -61, -60, -59, -57, -56]","[-98, -93, -92]"
2,130,213,2457,2452,2457,[-53],[-76],[-86]
2,130,213,2457,2452,2462,[-53],[-76],"[-102, -95, -91, -88]"
2,130,213,2457,2457,2457,[-53],[-62],[-86]
2,130,213,2457,2457,2462,[-53],[-62],"[-102, -95, -91, -88]"
2,130,213,2457,2462,2457,[-53],"[-68, -60, -56, -55]",[-86]
2,130,213,2457,2462,2462,[-53],"[-68, -60, -56, -55]","[-102, -95, -91, -88]"
2,130,213,2462,2452,2457,"[-61, -56, -54, -52, -46, -45]",[-76],[-86]
2,130,213,2462,2452,2462,"[-61, -56, -54, -52, -46, -45]",[-76],"[-102, -95, -91, -88]"
2,130,213,2462,2457,2457,"[-61, -56, -54, -52, -46, -45]",[-62],[-86]
2,130,213,2462,2457,2462,"[-61, -56, -54, -52, -46, -45]",[-62],"[-102, -95, -91, -88]"
2,130,213,2462,2462,2457,"[-61, -56, -54, -52, -46, -45]","[-68, -60, -56, -55]",[-86]
2,130,213,2462,2462,2462,"[-61, -56, -54, -52, -46, -45]","[-68, -60, -56, -55]","[-102, -95, -91, -88]"
2,133,213,2457,2457,2462,"[-63, -62]",[-72],[-91]
2,133,213,2457,2462,2462,"[-63, -62]","[-76, -75, -69, -67, -66]",[-91]
2,133,213,2462,2457,2462,"[-67, -65, -63, -62, -60]",[-72],[-91]
2,133,213,2462,2462,2462,"[-67, -65, -63, -62, -60]","[-76, -75, -69, -67, -66]",[-91]
2,136,213,2457,2457,2462,[-53],"[-67, -63, -54, -53]","[-97, -95, -93, -92, -90, -88]"
2,136,213,2457,2462,2462,[-53],"[-71, -68, -59, -57, -54]","[-97, -95, -93, -92, -90, -88]"
2,136,213,2462,2457,2462,"[-66, -63, -57, -56, -53]","[-67, -63, -54, -53]","[-97, -95, -93, -92, -90, -88]"
2,136,213,2462,2462,2462,"[-66, -63, -57, -56, -53]","[-71, -68, -59, -57, -54]","[-97, -95, -93, -92, -90, -88]"
2,139,213,2462,2457,2462,"[-56, -50, -49, -45]","[-66, -63, -60]","[-97, -96, -92, -90, -89, -84]"
2,139,213,2462,2462,2462,"[-56, -50, -49, -45]","[-74, -68, -62, -57]","[-97, -96, -92, -90, -89, -84]"
2,142,213,2462,2457,2462,"[-60, -59, -55]","[-72, -69]","[-104, -96, -94, -92, -86]"
2,142,213,2462,2462,2462,"[-60, -59, -55]","[-81, -73, -69, -68, -67]","[-104, -96, -94, -92, -86]"
2,145,213,2457,2452,2457,"[-68, -67]",[-68],[-88]
2,145,213,2457,2452,2462,"[-68, -67]",[-68],"[-95, -92, -89, -87]"
2,145,213,2457,2457,2457,"[-68, -67]","[-70, -65]",[-88]
2,145,213,2457,2457,2462,"[-68, -67]","[-70, -65]","[-95, -92, -89, -87]"
2,145,213,2457,2462,2457,"[-68, -67]","[-78, -66, -63, -62, -61]",[-88]
2,145,213,2457,2462,2462,"[-68, -67]","[-78, -66, -63, -62, -61]","[-95, -92, -89, -87]"
2,145,213,2462,2452,2457,"[-72, -65, -62, -60, -56]",[-68],[-88]
2,145,213,2462,2452,2462,"[-72, -65, -62, -60, -56]",[-68],"[-95, -92, -89, -87]"
2,145,213,2462,2457,2457,"[-72, -65, -62, -60, -56]","[-70, -65]",[-88]
2,145,213,2462,2457,2462,"[-72, -65, -62, -60, -56]","[-70, -65]","[-95, -92, -89, -87]"
2,145,213,2462,2462,2457,"[-72, -65, -62, -60, -56]","[-78, -66, -63, -62, -61]",[-88]
2,145,213,2462,2462,2462,"[-72, -65, -62, -60, -56]","[-78, -66, -63, -62, -61]","[-95, -92, -89, -87]"
2,148,213,2462,2452,2462,"[-51, -49, -48]",[-65],"[-96, -88, -87, -86]"
2,148,213,2462,2457,2462,"[-51, -49, -48]","[-69, -64, -58]","[-96, -88, -87, -86]"
2,148,213,2462,2462,2462,"[-51, -49, -48]","[-62, -59]","[-96, -88, -87, -86]"
2,151,213,2462,2457,2457,"[-69, -68, -67, -62, -61]","[-70, -67]",[-88]
2,151,213,2462,2457,2462,"[-69, -68, -67, -62, -61]","[-70, -67]","[-107, -91, -88]"
2,151,213,2462,2462,2457,"[-69, -68, -67, -62, -61]","[-80, -76, -75, -73, -72]",[-88]
2,151,213,2462,2462,2462,"[-69, -68, -67, -62, -61]","[-80, -76, -75, -73, -72]","[-107, -91, -88]"
2,154,213,2457,2452,2457,"[-52, -48]",[-76],"[-86, -83, -80]"
2,154,213,2457,2452,2462,"[-52, -48]",[-76],"[-87, -84, -79, -78]"
2,154,213,2457,2457,2457,"[-52, -48]","[-70, -68, -65, -64, -60]","[-86, -83, -80]"
2,154,213,2457,2457,2462,"[-52, -48]","[-70, -68, -65, -64, -60]","[-87, -84, -79, -78]"
2,154,213,2457,2462,2457,"[-52, -48]","[-68, -64]","[-86, -83, -80]"
2,154,213,2457,2462,2462,"[-52, -48]","[-68, -64]","[-87, -84, -79, -78]"
2,154,213,2462,2452,2457,"[-58, -57, -50, -48, -47, -45, -43]",[-76],"[-86, -83, -80]"
2,154,213,2462,2452,2462,"[-58, -57, -50, -48, -47, -45, -43]",[-76],"[-87, -84, -79, -78]"
2,154,213,2462,2457,2457,"[-58, -57, -50, -48, -47, -45, -43]","[-70, -68, -65, -64, -60]","[-86, -83, -80]"
2,154,213,2462,2457,2462,"[-58, -57, -50, -48, -47, -45, -43]","[-70, -68, -65, -64, -60]","[-87, -84, -79, -78]"
2,154,213,2462,2462,2457,"[-58, -57, -50, -48, -47, -45, -43]","[-68, -64]","[-86, -83, -80]"
2,154,213,2462,2462,2462,"[-58, -57, -50, -48, -47, -45, -43]","[-68, -64]","[-87, -84, -79, -78]"
2,157,213,2457,2457,2457,"[-66, -59]","[-73, -72, -67, -66]","[-81, -77]"
2,157,213,2457,2457,2462,"[-66, -59]","[-73, -72, -67, -66]","[-94, -87, -86, -84]"
2,157,213,2457,2462,2457,"[-66, -59]","[-76, -74, -69]","[-81, -77]"
2,157,213,2457,2462,2462,"[-66, -59]","[-76, -74, -69]","[-94, -87, -86, -84]"
2,157,213,2462,2457,2457,"[-78, -65, -64]","[-73, -72, -67, -66]","[-81, -77]"
2,157,213,2462,2457,2462,"[-78, -65, -64]","[-73, -72, -67, -66]","[-94, -87, -86, -84]"
2,157,213,2462,2462,2457,"[-78, -65, -64]","[-76, -74, -69]","[-81, -77]"
2,157,213,2462,2462,2462,"[-78, -65, -64]","[-76, -74, -69]","[-94, -87, -86, -84]"
2,160,213,2457,2457,2457,[-55],[-63],[-84]
2,160,213,2457,2457,2462,[-55],[-63],"[-92, -91, -88, -87, -85]"
2,160,213,2457,2462,2457,[-55],"[-75, -72, -71, -70]",[-84]
2,160,213,2457,2462,2462,[-55],"[-75, -72, -71, -70]","[-92, -91, -88, -87, -85]"
2,160,213,2462,2457,2457,"[-63, -54, -53, -49]",[-63],[-84]
2,160,213,2462,2457,2462,"[-63, -54, -53, -49]",[-63],"[-92, -91, -88, -87, -85]"
2,160,213,2462,2462,2457,"[-63, -54, -53, -49]","[-75, -72, -71, -70]",[-84]
2,160,213,2462,2462,2462,"[-63, -54, -53, -49]","[-75, -72, -71, -70]","[-92, -91, -88, -87, -85]"
2,163,213,2462,2457,2457,"[-57, -56, -51]","[-76, -62]",[-94]
2,163,213,2462,2457,2462,"[-57, -56, -51]","[-76, -62]","[-93, -88, -84]"
2,163,213,2462,2462,2457,"[-57, -56, -51]","[-69, -64]",[-94]
2,163,213,2462,2462,2462,"[-57, -56, -51]","[-69, -64]","[-93, -88, -84]"
2,166,213,2457,2457,2457,"[-62, -59]",[-80],"[-85, -77, -75]"
2,166,213,2457,2457,2462,"[-62, -59]",[-80],"[-83, -80, -79, -76]"
2,166,213,2457,2462,2457,"[-62, -59]","[-74, -73, -72, -71, -69, -65]","[-85, -77, -75]"
2,166,213,2457,2462,2462,"[-62, -59]","[-74, -73, -72, -71, -69, -65]","[-83, -80, -79, -76]"
2,166,213,2462,2457,2457,"[-66, -62, -58]",[-80],"[-85, -77, -75]"
2,166,213,2462,2457,2462,"[-66, -62, -58]",[-80],"[-83, -80, -79, -76]"
2,166,213,2462,2462,2457,"[-66, -62, -58]","[-74, -73, -72, -71, -69, -65]","[-85, -77, -75]"
2,166,213,2462,2462,2462,"[-66, -62, -58]","[-74, -73, -72, -71, -69, -65]","[-83, -80, -79, -76]"
2,169,213,2447,2457,2457,[-72],[-71],"[-85, -80]"
2,169,213,2447,2457,2462,[-72],[-71],"[-84, -83]"
2,169,213,2447,2462,2457,[-72],"[-82, -77, -75, -74, -71]","[-85, -80]"
2,169,213,2447,2462,2462,[-72],"[-82, -77, -75, -74, -71]","[-84, -83]"
2,169,213,2457,2457,2457,[-59],[-71],"[-85, -80]"
2,169,213,2457,2457,2462,[-59],[-71],"[-84, -83]"
2,169,213,2457,2462,2457,[-59],"[-82, -77, -75, -74, -71]","[-85, -80]"
2,169,213,2457,2462,2462,[-59],"[-82, -77, -75, -74, -71]","[-84, -83]"
2,169,213,2462,2457,2457,"[-58, -57, -54]",[-71],"[-85, -80]"
2,169,213,2462,2457,2462,"[-58, -57, -54]",[-71],"[-84, -83]"
2,169,213,2462,2462,2457,"[-58, -57, -54]","[-82, -77, -75, -74, -71]","[-85, -80]"
2,169,213,2462,2462,2462,"[-58, -57, -54]","[-82, -77, -75, -74, -71]","[-84, -83]"
2,172,213,2437,2437,2432,[-67],[-77],"[-91, -82]"
2,172,213,2437,2437,2437,[-67],[-77],"[-90, -88]"
2,172,213,2437,2437,2442,[-67],[-77],[-89]
2,172,213,2437,2442,2432,[-67],"[-79, -78, -76, -74]","[-91, -82]"
2,172,213,2437,2442,2437,[-67],"[-79, -78, -76, -74]","[-90, -88]"
2,172,213,2437,2442,2442,[-67],"[-79, -78, -76, -74]",[-89]
2,172,213,2442,2437,2432,"[-65, -62]",[-77],"[-91, -82]"
2,172,213,2442,2437,2437,"[-65, -62]",[-77],"[-90, -88]"
2,172,213,2442,2437,2442,"[-65, -62]",[-77],[-89]
2,172,213,2442,2442,2432,"[-65, -62]","[-79, -78, -76, -74]","[-91, -82]"
2,172,213,2442,2442,2437,"[-65, -62]","[-79, -78, -76, -74]","[-90, -88]"
2,172,213,2442,2442,2442,"[-65, -62]","[-79, -78, -76, -74]",[-89]
2,172,213,2447,2437,2432,[-75],[-77],"[-91, -82]"
2,172,213,2447,2437,2437,[-75],[-77],"[-90, -88]"
2,172,213,2447,2437,2442,[-75],[-77],[-89]
2,172,213,2447,2442,2432,[-75],"[-79, -78, -76, -74]","[-91, -82]"
2,172,213,2447,2442,2437,[-75],"[-79, -78, -76, -74]","[-90, -88]"
2,172,213,2447,2442,2442,[-75],"[-79, -78, -76, -74]",[-89]
2,175,213,2447,2427,2437,[-58],[-79],"[-91, -90, -89, -88]"
2,175,213,2447,2437,2437,[-58],"[-73, -70]","[-91, -90, -89, -88]"
2,175,213,2447,2442,2437,[-58],"[-73, -72]","[-91, -90, -89, -88]"
2,175,213,2447,2447,2437,[-58],[-74],"[-91, -90, -89, -88]"
2,175,213,2452,2427,2437,[-68],[-79],"[-91, -90, -89, -88]"
2,175,213,2452,2437,2437,[-68],"[-73, -70]","[-91, -90, -89, -88]"
2,175,213,2452,2442,2437,[-68],"[-73, -72]","[-91, -90, -89, -88]"
2,175,213,2452,2447,2437,[-68],[-74],"[-91, -90, -89, -88]"
2,178,213,2442,2432,2432,[-53],[-67],"[-81, -78]"
2,178,213,2442,2432,2437,[-53],[-67],"[-83, -82, -81]"
2,178,213,2442,2432,2442,[-53],[-67],"[-84, -82]"
2,178,213,2442,2442,2432,[-53],"[-71, -69]","[-81, -78]"
2,178,213,2442,2442,2437,[-53],"[-71, -69]","[-83, -82, -81]"
2,178,213,2442,2442,2442,[-53],"[-71, -69]","[-84, -82]"
2,178,213,2447,2432,2432,"[-65, -57]",[-67],"[-81, -78]"
2,178,213,2447,2432,2437,"[-65, -57]",[-67],"[-83, -82, -81]"
2,178,213,2447,2432,2442,"[-65, -57]",[-67],"[-84, -82]"
2,178,213,2447,2442,2432,"[-65, -57]","[-71, -69]","[-81, -78]"
2,178,213,2447,2442,2437,"[-65, -57]","[-71, -69]","[-83, -82, -81]"
2,178,213,2447,2442,2442,"[-65, -57]","[-71, -69]","[-84, -82]"
2,181,213,2442,2432,2437,"[-64, -63, -62]","[-82, -71]","[-94, -91, -89, -88, -87, -86]"
2,181,213,2442,2437,2437,"[-64, -63, -62]","[-79, -74]","[-94, -91, -89, -88, -87, -86]"
2,181,213,2442,2442,2437,"[-64, -63, -62]","[-81, -79]","[-94, -91, -89, -88, -87, -86]"
2,181,213,2447,2432,2437,"[-70, -68]","[-82, -71]","[-94, -91, -89, -88, -87, -86]"
2,181,213,2447,2437,2437,"[-70, -68]","[-79, -74]","[-94, -91, -89, -88, -87, -86]"
2,181,213,2447,2442,2437,"[-70, -68]","[-81, -79]","[-94, -91, -89, -88, -87, -86]"
2,184,213,2442,2437,2437,"[-55, -52]","[-70, -67]","[-90, -89, -88, -85]"
2,184,213,2442,2437,2442,"[-55, -52]","[-70, -67]","[-83, -82]"
2,184,213,2442,2442,2437,"[-55, -52]","[-68, -66]","[-90, -89, -88, -85]"
2,184,213,2442,2442,2442,"[-55, -52]","[-68, -66]","[-83, -82]"
2,184,213,2442,2447,2437,"[-55, -52]",[-71],"[-90, -89, -88, -85]"
2,184,213,2442,2447,2442,"[-55, -52]",[-71],"[-83, -82]"
2,184,213,2447,2437,2437,[-58],"[-70, -67]","[-90, -89, -88, -85]"
2,184,213,2447,2437,2442,[-58],"[-70, -67]","[-83, -82]"
2,184,213,2447,2442,2437,[-58],"[-68, -66]","[-90, -89, -88, -85]"
2,184,213,2447,2442,2442,[-58],"[-68, -66]","[-83, -82]"
2,184,213,2447,2447,2437,[-58],[-71],"[-90, -89, -88, -85]"
2,184,213,2447,2447,2442,[-58],[-71],"[-83, -82]"
2,184,213,2452,2437,2437,[-70],"[-70, -67]","[-90, -89, -88, -85]"
2,184,213,2452,2437,2442,[-70],"[-70, -67]","[-83, -82]"
2,184,213,2452,2442,2437,[-70],"[-68, -66]","[-90, -89, -88, -85]"
2,184,213,2452,2442,2442,[-70],"[-68, -66]","[-83, -82]"
2,184,213,2452,2447,2437,[-70],[-71],"[-90, -89, -88, -85]"
2,184,213,2452,2447,2442,[-70],[-71],"[-83, -82]"
2,187,213,2437,2437,2437,[-52],[-59],"[-85, -83, -82]"
2,187,213,2437,2437,2447,[-52],[-59],[-81]
2,187,213,2437,2452,2437,[-52],"[-72, -68]","[-85, -83, -82]"
2,187,213,2437,2452,2447,[-52],"[-72, -68]",[-81]
2,187,213,2442,2437,2437,"[-56, -49]",[-59],"[-85, -83, -82]"
2,187,213,2442,2437,2447,"[-56, -49]",[-59],[-81]
2,187,213,2442,2452,2437,"[-56, -49]","[-72, -68]","[-85, -83, -82]"
2,187,213,2442,2452,2447,"[-56, -49]","[-72, -68]",[-81]
2,190,111,2452,2452,2447,"[-90, -89, -87]",[-95],[-67]
2,190,111,2452,2452,2452,"[-90, -89, -87]",[-95],[-66]
2,190,111,2452,2452,2457,"[-90, -89, -87]",[-95],"[-73, -69, -63, -62]"
2,190,111,2452,2452,2462,"[-90, -89, -87]",[-95],"[-75, -71]"
2,193,111,0,0,2447,[100],[100],"[-74, -73]"
2,193,111,0,0,2452,[100],[100],"[-75, -73]"
2,193,111,0,0,2457,[100],[100],"[-81, -73, -72, -71, -70, -69, -67]"
2,193,111,0,0,2462,[100],[100],"[-79, -77, -76, -75]"
2,196,111,0,0,2442,[100],[100],[-82]
2,196,111,0,0,2447,[100],[100],[-73]
2,196,111,0,0,2452,[100],[100],"[-78, -72]"
2,196,111,0,0,2457,[100],[100],"[-82, -81, -80, -77, -72]"
2,196,111,0,0,2462,[100],[100],"[-76, -75, -74, -73]"
2,199,111,2452,0,2452,[-91],[100],[-68]
2,199,111,2452,0,2457,[-91],[100],"[-72, -69, -66, -65, -64, -63]"
2,202,111,2452,2452,2442,[-87],"[-96, -92]",[-75]
2,202,111,2452,2452,2452,[-87],"[-96, -92]",[-71]
2,202,111,2452,2452,2457,[-87],"[-96, -92]","[-74, -72, -71, -70, -69, -65]"
2,202,111,2452,2452,2462,[-87],"[-96, -92]","[-78, -75, -71]"
2,202,111,2457,2452,2442,[-91],"[-96, -92]",[-75]
2,202,111,2457,2452,2452,[-91],"[-96, -92]",[-71]
2,202,111,2457,2452,2457,[-91],"[-96, -92]","[-74, -72, -71, -70, -69, -65]"
2,202,111,2457,2452,2462,[-91],"[-96, -92]","[-78, -75, -71]"
2,205,111,2452,0,2437,"[-88, -84, -82]",[100],[-76]
2,205,111,2452,0,2447,"[-88, -84, -82]",[100],"[-62, -60]"
2,205,111,2452,0,2452,"[-88, -84, -82]",[100],[-63]
2,205,111,2452,0,2457,"[-88, -84, -82]",[100],"[-68, -65, -63, -62, -59]"
2,205,111,2452,0,2462,"[-88, -84, -82]",[100],"[-65, -64, -62]"
2,208,111,0,0,2447,[100],[100],"[-73, -72]"
2,208,111,0,0,2452,[100],[100],"[-77, -75, -74]"
2,208,111,0,0,2457,[100],[100],"[-81, -75, -74, -72, -71, -69]"
2,208,111,0,0,2462,[100],[100],"[-81, -80]"
2,211,111,2452,0,2447,"[-90, -89]",[100],[-72]
2,211,111,2452,0,2452,"[-90, -89]",[100],"[-72, -71, -70]"
2,211,111,2452,0,2457,"[-90, -89]",[100],"[-74, -72, -70, -67]"
2,211,111,2452,0,2462,"[-90, -89]",[100],"[-74, -71]"
2,214,111,0,0,2412,[100],[100],[-74]
2,214,111,0,0,2417,[100],[100],"[-66, -65, -64, -63, -62]"
2,214,111,0,0,2422,[100],[100],"[-72, -71, -70, -69, -68]"
2,217,111,0,0,2412,[100],[100],"[-67, -66]"
2,217,111,0,0,2417,[100],[100],"[-72, -61]"
2,217,111,0,0,2422,[100],[100],"[-72, -71, -70, -69]"
2,220,111,2412,0,2417,"[-90, -87, -84]",[100],"[-77, -64, -63, -60]"
2,220,111,2412,0,2422,"[-90, -87, -84]",[100],"[-77, -76, -73, -72, -71, -69, -68, -64]"
2,220,111,2412,0,2427,"[-90, -87, -84]",[100],[-78]
2,220,111,2417,0,2417,"[-87, -80, -79]",[100],"[-77, -64, -63, -60]"
2,220,111,2417,0,2422,"[-87, -80, -79]",[100],"[-77, -76, -73, -72, -71, -69, -68, -64]"
2,220,111,2417,0,2427,"[-87, -80, -79]",[100],[-78]
2,223,111,2412,0,2412,[-89],[100],"[-69, -62]"
2,223,111,2412,0,2417,[-89],[100],"[-68, -67]"
2,223,111,2412,0,2422,[-89],[100],[-63]
2,223,111,2412,0,2427,[-89],[100],"[-88, -83, -81, -80, -77]"
2,226,111,2412,0,2412,[-93],[100],"[-66, -64, -62]"
2,226,111,2412,0,2417,[-93],[100],"[-75, -71, -67, -66, -64, -61, -60]"
2,226,111,2412,0,2422,[-93],[100],[-69]
2,226,111,2412,0,2427,[-93],[100],"[-86, -80, -78, -77, -74, -72]"
2,229,111,2412,0,2412,"[-89, -88, -87, -86, -84]",[100],"[-63, -62]"
2,229,111,2412,0,2417,"[-89, -88, -87, -86, -84]",[100],"[-65, -57]"
2,229,111,2412,0,2422,"[-89, -88, -87, -86, -84]",[100],"[-65, -64]"
2,229,111,2412,0,2427,"[-89, -88, -87, -86, -84]",[100],"[-78, -75, -74]"
2,229,111,2417,0,2412,"[-85, -81, -80]",[100],"[-63, -62]"
2,229,111,2417,0,2417,"[-85, -81, -80]",[100],"[-65, -57]"
2,229,111,2417,0,2422,"[-85, -81, -80]",[100],"[-65, -64]"
2,229,111,2417,0,2427,"[-85, -81, -80]",[100],"[-78, -75, -74]"
2,232,111,0,0,2412,[100],[100],"[-81, -80]"
2,232,111,0,0,2417,[100],[100],"[-80, -78, -75]"
2,232,111,0,0,2422,[100],[100],"[-85, -83, -81, -80]"
2,235,111,0,0,2412,[100],[100],[-67]
2,235,111,0,0,2417,[100],[100],"[-77, -74, -73, -70, -68, -63]"
2,235,111,0,0,2427,[100],[100],[-85]
2,238,111,2412,0,2417,[-87],[100],"[-72, -62, -60, -59, -57]"
2,238,111,2412,0,2422,[-87],[100],"[-66, -63, -62]"
2,238,111,2412,0,2427,[-87],[100],"[-84, -82]"
2,241,111,2412,0,2412,"[-88, -87, -83]",[100],[-67]
2,241,111,2412,0,2417,"[-88, -87, -83]",[100],[-71]
2,241,111,2412,0,2422,"[-88, -87, -83]",[100],[-73]
2,241,111,2412,0,2427,"[-88, -87, -83]",[100],"[-86, -85, -82, -81, -69, -66]"
2,244,111,2412,0,2417,[-88],[100],[-58]
2,244,111,2412,0,2422,[-88],[100],"[-64, -63, -61, -60]"
2,244,111,2412,0,2427,[-88],[100],"[-72, -71, -69]"
2,247,111,2412,0,2412,"[-88, -85]",[100],"[-70, -69]"
2,247,111,2412,0,2417,"[-88, -85]",[100],"[-70, -64, -63]"
2,247,111,2412,0,2422,"[-88, -85]",[100],"[-77, -73, -72, -71, -70]"
2,247,111,2412,0,2427,"[-88, -85]",[100],[-80]
2,247,111,2417,0,2412,[-84],[100],"[-70, -69]"
2,247,111,2417,0,2417,[-84],[100],"[-70, -64, -63]"
2,247,111,2417,0,2422,[-84],[100],"[-77, -73, -72, -71, -70]"
2,247,111,2417,0,2427,[-84],[100],[-80]
2,250,111,0,0,2412,[100],[100],"[-67, -66, -65]"
2,250,111,0,0,2417,[100],[100],"[-67, -66, -64, -63]"
2,250,111,0,0,2422,[100],[100],[-74]
2,250,111,0,0,2427,[100],[100],[-83]
2,253,111,2412,0,2412,[-91],[100],"[-64, -63]"
2,253,111,2412,0,2417,[-91],[100],"[-67, -65]"
2,253,111,2412,0,2422,[-91],[100],"[-65, -63]"
2,253,111,2412,0,2427,[-91],[100],[-81]
2,256,111,2412,0,2417,"[-90, -89]",[100],"[-72, -68, -65, -62]"
2,256,111,2412,0,2422,"[-90, -89]",[100],"[-75, -74, -72, -68]"
2,256,111,2412,0,2427,"[-90, -89]",[100],[-79]
2,259,111,0,0,2412,[100],[100],"[-69, -65]"
2,259,111,0,0,2417,[100],[100],"[-71, -69, -68, -66, -62]"
2,259,111,0,0,2422,[100],[100],"[-74, -69]"
2,259,111,0,0,2427,[100],[100],"[-81, -76]"
2,262,111,2412,0,2412,[-86],[100],"[-69, -68]"
2,262,111,2412,0,2417,[-86],[100],"[-76, -70, -67, -66, -65, -64]"
2,262,111,2412,0,2422,[-86],[100],"[-73, -70, -68]"
2,265,111,2412,0,2412,"[-85, -84]",[100],[-60]
2,265,111,2412,0,2417,"[-85, -84]",[100],"[-73, -65, -62, -61, -56]"
2,265,111,2412,0,2422,"[-85, -84]",[100],[-67]
2,265,111,2412,0,2427,"[-85, -84]",[100],"[-80, -77]"
2,268,111,2412,2412,2412,"[-89, -87, -86, -84]",[-96],[-63]
2,268,111,2412,2412,2417,"[-89, -87, -86, -84]",[-96],"[-68, -67, -61, -60, -58, -54]"
2,268,111,2417,2412,2412,"[-84, -83]",[-96],[-63]
2,268,111,2417,2412,2417,"[-84, -83]",[-96],"[-68, -67, -61, -60, -58, -54]"
2,271,111,2412,0,2412,"[-92, -90, -88, -86, -85]",[100],"[-65, -64]"
2,271,111,2412,0,2417,"[-92, -90, -88, -86, -85]",[100],"[-70, -69, -68, -63]"
2,271,111,2412,0,2422,"[-92, -90, -88, -86, -85]",[100],[-72]
2,271,111,2412,0,2427,"[-92, -90, -88, -86, -85]",[100],"[-81, -78]"
2,274,111,2412,0,2412,"[-89, -87]",[100],[-68]
2,274,111,2412,0,2417,"[-89, -87]",[100],"[-76, -75, -71, -69, -68, -67]"
2,274,111,2412,0,2422,"[-89, -87]",[100],"[-79, -77, -76, -72]"
2,274,111,2417,0,2412,[-86],[100],[-68]
2,274,111,2417,0,2417,[-86],[100],"[-76, -75, -71, -69, -68, -67]"
2,274,111,2417,0,2422,[-86],[100],"[-79, -77, -76, -72]"
2,277,111,2417,0,2412,"[-83, -82]",[100],"[-68, -60]"
2,277,111,2417,0,2417,"[-83, -82]",[100],"[-66, -65]"
2,277,111,2417,0,2422,"[-83, -82]",[100],"[-69, -60]"
2,277,111,2417,0,2427,"[-83, -82]",[100],"[-84, -79, -78]"
2,280,111,2412,0,2412,"[-88, -87]",[100],[-67]
2,280,111,2412,0,2417,"[-88, -87]",[100],"[-70, -65, -60]"
2,280,111,2412,0,2422,"[-88, -87]",[100],"[-67, -64, -63, -59]"
2,280,111,2412,0,2427,"[-88, -87]",[100],"[-84, -82]"
2,283,111,2412,0,2412,"[-86, -85]",[100],[-66]
2,283,111,2412,0,2417,"[-86, -85]",[100],"[-65, -64, -63, -62]"
2,283,111,2412,0,2422,"[-86, -85]",[100],"[-73, -66]"
2,283,111,2412,0,2427,"[-86, -85]",[100],[-76]
2,286,111,0,0,2417,[100],[100],"[-77, -74, -72, -71, -69]"
2,286,111,0,0,2422,[100],[100],"[-80, -78, -77, -76, -74]"
2,289,111,2412,0,2412,"[-92, -91]",[100],[-69]
2,289,111,2412,0,2417,"[-92, -91]",[100],"[-79, -75, -71, -70, -69, -68, -66]"
2,289,111,2412,0,2422,"[-92, -91]",[100],"[-77, -76, -74, -71]"
2,292,111,0,0,2412,[100],[100],"[-65, -59]"
2,292,111,0,0,2417,[100],[100],"[-63, -62]"
2,292,111,0,0,2427,[100],[100],"[-84, -83, -81, -75, -71]"
2,295,111,2412,2412,2412,[-87],"[-97, -95]",[-71]
2,295,111,2412,2412,2417,[-87],"[-97, -95]","[-60, -59]"
2,295,111,2412,2412,2427,[-87],"[-97, -95]","[-80, -79, -77, -76, -69]"
2,298,111,0,0,2412,[100],[100],[-67]
2,298,111,0,0,2417,[100],[100],"[-77, -69, -67, -64, -63]"
2,298,111,0,0,2422,[100],[100],"[-71, -69, -68]"
2,298,111,0,0,2427,[100],[100],[-77]
2,301,111,0,0,2412,[100],[100],"[-68, -65, -64]"
2,301,111,0,0,2417,[100],[100],"[-67, -65, -61]"
2,301,111,0,0,2427,[100],[100],"[-82, -80, -78]"
2,304,111,0,0,2412,[100],[100],"[-67, -66, -61]"
2,304,111,0,0,2417,[100],[100],"[-68, -64]"
2,304,111,0,0,2427,[100],[100],"[-79, -76, -75, -72]"
2,307,111,0,0,2412,[100],[100],"[-58, -57]"
2,307,111,0,0,2417,[100],[100],"[-57, -56]"
2,307,111,0,0,2422,[100],[100],[-62]
2,307,111,0,0,2427,[100],[100],"[-74, -71, -69, -68]"
2,310,111,0,0,2412,[100],[100],"[-67, -64]"
2,310,111,0,0,2417,[100],[100],"[-66, -58]"
2,310,111,0,0,2422,[100],[100],[-67]
2,310,111,0,0,2427,[100],[100],"[-80, -78, -74]"
2,313,111,0,0,2412,[100],[100],"[-77, -76, -74]"
2,313,111,0,0,2417,[100],[100],"[-74, -70, -68]"
2,313,111,0,0,2422,[100],[100],"[-79, -78, -75, -74, -73, -72]"
2,316,111,2417,2412,2412,"[-73, -72, -71, -70]",[-95],"[-53, -51]"
2,316,111,2417,2412,2417,"[-73, -72, -71, -70]",[-95],"[-54, -51, -49, -48, -46]"
2,316,111,2417,2412,2427,"[-73, -72, -71, -70]",[-95],"[-62, -61, -60, -59]"
2,316,111,2422,2412,2412,"[-79, -77, -76, -75]",[-95],"[-53, -51]"
2,316,111,2422,2412,2417,"[-79, -77, -76, -75]",[-95],"[-54, -51, -49, -48, -46]"
2,316,111,2422,2412,2427,"[-79, -77, -76, -75]",[-95],"[-62, -61, -60, -59]"
2,319,111,0,0,2412,[100],[100],"[-54, -53]"
2,319,111,0,0,2427,[100],[100],"[-89, -85, -80, -79, -77, -75, -66, -64]"
2,322,111,0,0,2412,[100],[100],"[-64, -63]"
2,322,111,0,0,2417,[100],[100],"[-66, -65, -63, -61, -60]"
2,322,111,0,0,2422,[100],[100],"[-77, -70, -63, -62]"
2,325,111,0,0,2412,[100],[100],[-61]
2,325,111,0,0,2417,[100],[100],"[-62, -58, -52]"
2,325,111,0,0,2422,[100],[100],"[-63, -62, -60]"
2,325,111,0,0,2427,[100],[100],"[-79, -75, -74]"
2,328,111,2417,0,2417,"[-90, -82, -81, -78]",[100],"[-54, -52, -46]"
2,328,111,2417,0,2427,"[-90, -82, -81, -78]",[100],"[-70, -68, -62, -60]"
2,331,111,2417,0,2412,[-83],[100],"[-59, -55, -54]"
2,331,111,2417,0,2417,[-83],[100],"[-55, -53]"
2,331,111,2417,0,2422,[-83],[100],[-61]
2,331,111,2417,0,2427,[-83],[100],"[-70, -67, -64, -62, -61]"
2,334,111,2417,2412,2412,"[-78, -77]","[-95, -94, -91]",[-58]
2,334,111,2417,2412,2417,"[-78, -77]","[-95, -94, -91]",[-53]
2,334,111,2417,2412,2427,"[-78, -77]","[-95, -94, -91]","[-77, -73, -66, -64, -62, -61]"
2,334,111,2417,2417,2412,"[-78, -77]",[-91],[-58]
2,334,111,2417,2417,2417,"[-78, -77]",[-91],[-53]
2,334,111,2417,2417,2427,"[-78, -77]",[-91],"[-77, -73, -66, -64, -62, -61]"
2,337,111,0,0,2422,[100],[100],"[-67, -66, -65]"
2,337,111,0,0,2427,[100],[100],"[-81, -79, -78]"
2,340,111,2412,0,2412,[-79],[100],"[-56, -55, -54]"
2,340,111,2412,0,2417,[-79],[100],"[-55, -49]"
2,340,111,2412,0,2422,[-79],[100],[-57]
2,340,111,2412,0,2427,[-79],[100],"[-68, -66, -64, -63, -61]"
2,343,111,2412,2412,2412,[-86],[-88],"[-58, -57, -56]"
2,343,111,2412,2412,2427,[-86],[-88],"[-71, -70, -67, -63, -62]"
2,343,111,2417,2412,2412,[-76],[-88],"[-58, -57, -56]"
2,343,111,2417,2412,2427,[-76],[-88],"[-71, -70, -67, -63, -62]"
2,343,111,2422,2412,2412,[-90],[-88],"[-58, -57, -56]"
2,343,111,2422,2412,2427,[-90],[-88],"[-71, -70, -67, -63, -62]"
2,346,111,2417,0,2412,"[-88, -80]",[100],"[-55, -54]"
2,346,111,2417,0,2417,"[-88, -80]",[100],"[-50, -49]"
2,346,111,2417,0,2427,"[-88, -80]",[100],"[-70, -67, -65, -63, -62, -61, -60]"
2,349,111,2412,0,2412,[-88],[100],[-51]
2,349,111,2412,0,2417,[-88],[100],"[-48, -46]"
2,349,111,2412,0,2422,[-88],[100],[-62]
2,349,111,2412,0,2427,[-88],[100],"[-73, -68, -66, -63, -61, -59]"
2,349,111,2417,0,2412,"[-78, -77, -76]",[100],[-51]
2,349,111,2417,0,2417,"[-78, -77, -76]",[100],"[-48, -46]"
2,349,111,2417,0,2422,"[-78, -77, -76]",[100],[-62]
2,349,111,2417,0,2427,"[-78, -77, -76]",[100],"[-73, -68, -66, -63, -61, -59]"
2,352,111,0,0,2412,[100],[100],[-64]
2,352,111,0,0,2417,[100],[100],"[-64, -63, -61]"
2,352,111,0,0,2422,[100],[100],"[-69, -68, -67, -66]"
2,352,111,0,0,2427,[100],[100],[-77]
2,355,111,0,0,2417,[100],[100],"[-59, -56]"
2,355,111,0,0,2422,[100],[100],[-56]
2,355,111,0,0,2427,[100],[100],"[-73, -70, -68, -67, -65]"
2,358,111,2412,2412,2412,[-79],"[-94, -92]","[-48, -46]"
2,358,111,2412,2412,2422,[-79],"[-94, -92]","[-49, -44]"
2,358,111,2412,2412,2427,[-79],"[-94, -92]",[-58]
2,358,111,2412,2412,2432,[-79],"[-94, -92]",[-91]
2,358,111,2412,2412,2437,[-79],"[-94, -92]","[-80, -79]"
2,358,111,2417,2412,2412,"[-83, -79, -77, -76, -75]","[-94, -92]","[-48, -46]"
2,358,111,2417,2412,2422,"[-83, -79, -77, -76, -75]","[-94, -92]","[-49, -44]"
2,358,111,2417,2412,2427,"[-83, -79, -77, -76, -75]","[-94, -92]",[-58]
2,358,111,2417,2412,2432,"[-83, -79, -77, -76, -75]","[-94, -92]",[-91]
2,358,111,2417,2412,2437,"[-83, -79, -77, -76, -75]","[-94, -92]","[-80, -79]"
2,361,111,2412,2412,2412,[-84],"[-95, -93]",[-52]
2,361,111,2412,2412,2417,[-84],"[-95, -93]","[-51, -45]"
2,361,111,2412,2412,2427,[-84],"[-95, -93]","[-61, -60, -59, -58, -56]"
2,361,111,2412,2417,2412,[-84],[-86],[-52]
2,361,111,2412,2417,2417,[-84],[-86],"[-51, -45]"
2,361,111,2412,2417,2427,[-84],[-86],"[-61, -60, -59, -58, -56]"
2,361,111,2417,2412,2412,"[-93, -83, -82, -78, -75]","[-95, -93]",[-52]
2,361,111,2417,2412,2417,"[-93, -83, -82, -78, -75]","[-95, -93]","[-51, -45]"
2,361,111,2417,2412,2427,"[-93, -83, -82, -78, -75]","[-95, -93]","[-61, -60, -59, -58, -56]"
2,361,111,2417,2417,2412,"[-93, -83, -82, -78, -75]",[-86],[-52]
2,361,111,2417,2417,2417,"[-93, -83, -82, -78, -75]",[-86],"[-51, -45]"
2,361,111,2417,2417,2427,"[-93, -83, -82, -78, -75]",[-86],"[-61, -60, -59, -58, -56]"
2,364,111,2412,2412,2412,[-83],[-93],[-37]
2,364,111,2412,2412,2427,[-83],[-93],"[-48, -44]"
2,364,111,2412,2412,2437,[-83],[-93],"[-72, -70, -69]"
2,364,111,2417,2412,2412,"[-85, -76]",[-93],[-37]
2,364,111,2417,2412,2427,"[-85, -76]",[-93],"[-48, -44]"
2,364,111,2417,2412,2437,"[-85, -76]",[-93],"[-72, -70, -69]"
2,364,111,2422,2412,2412,[-86],[-93],[-37]
2,364,111,2422,2412,2427,[-86],[-93],"[-48, -44]"
2,364,111,2422,2412,2437,[-86],[-93],"[-72, -70, -69]"
2,367,111,2417,0,2412,[-74],[100],"[-40, -39]"
2,367,111,2417,0,2427,[-74],[100],[-45]
2,367,111,2417,0,2432,[-74],[100],[-66]
2,367,111,2417,0,2437,[-74],[100],"[-68, -66, -65]"
2,367,111,2422,0,2412,[-79],[100],"[-40, -39]"
2,367,111,2422,0,2427,[-79],[100],[-45]
2,367,111,2422,0,2432,[-79],[100],[-66]
2,367,111,2422,0,2437,[-79],[100],"[-68, -66, -65]"
2,370,111,2412,2412,2412,"[-88, -81]",[-96],"[-38, -37]"
2,370,111,2412,2412,2417,"[-88, -81]",[-96],"[-30, -29, -28]"
2,370,111,2412,2412,2427,"[-88, -81]",[-96],[-45]
2,370,111,2412,2412,2437,"[-88, -81]",[-96],"[-70, -68]"
2,370,111,2412,2417,2412,"[-88, -81]",[-82],"[-38, -37]"
2,370,111,2412,2417,2417,"[-88, -81]",[-82],"[-30, -29, -28]"
2,370,111,2412,2417,2427,"[-88, -81]",[-82],[-45]
2,370,111,2412,2417,2437,"[-88, -81]",[-82],"[-70, -68]"
2,370,111,2417,2412,2412,[-83],[-96],"[-38, -37]"
2,370,111,2417,2412,2417,[-83],[-96],"[-30, -29, -28]"
2,370,111,2417,2412,2427,[-83],[-96],[-45]
2,370,111,2417,2412,2437,[-83],[-96],"[-70, -68]"
2,370,111,2417,2417,2412,[-83],[-82],"[-38, -37]"
2,370,111,2417,2417,2417,[-83],[-82],"[-30, -29, -28]"
2,370,111,2417,2417,2427,[-83],[-82],[-45]
2,370,111,2417,2417,2437,[-83],[-82],"[-70, -68]"
2,373,111,2412,2412,2412,"[-88, -86]","[-97, -96]","[-41, -38]"
2,373,111,2412,2412,2417,"[-88, -86]","[-97, -96]",[-30]
2,373,111,2412,2412,2427,"[-88, -86]","[-97, -96]",[-45]
2,373,111,2412,2412,2437,"[-88, -86]","[-97, -96]","[-74, -73, -69, -67, -66, -65]"
2,373,111,2412,2417,2412,"[-88, -86]",[-85],"[-41, -38]"
2,373,111,2412,2417,2417,"[-88, -86]",[-85],[-30]
2,373,111,2412,2417,2427,"[-88, -86]",[-85],[-45]
2,373,111,2412,2417,2437,"[-88, -86]",[-85],"[-74, -73, -69, -67, -66, -65]"
2,373,111,2417,2412,2412,"[-86, -82, -79, -76]","[-97, -96]","[-41, -38]"
2,373,111,2417,2412,2417,"[-86, -82, -79, -76]","[-97, -96]",[-30]
2,373,111,2417,2412,2427,"[-86, -82, -79, -76]","[-97, -96]",[-45]
2,373,111,2417,2412,2437,"[-86, -82, -79, -76]","[-97, -96]","[-74, -73, -69, -67, -66, -65]"
2,373,111,2417,2417,2412,"[-86, -82, -79, -76]",[-85],"[-41, -38]"
2,373,111,2417,2417,2417,"[-86, -82, -79, -76]",[-85],[-30]
2,373,111,2417,2417,2427,"[-86, -82, -79, -76]",[-85],[-45]
2,373,111,2417,2417,2437,"[-86, -82, -79, -76]",[-85],"[-74, -73, -69, -67, -66, -65]"
2,376,111,2412,0,2412,[-74],[100],"[-54, -53]"
2,376,111,2412,0,2417,[-74],[100],"[-54, -49]"
2,376,111,2412,0,2427,[-74],[100],"[-81, -68, -66, -64, -62, -61, -60, -58]"
2,376,111,2417,0,2412,"[-77, -76]",[100],"[-54, -53]"
2,376,111,2417,0,2417,"[-77, -76]",[100],"[-54, -49]"
2,376,111,2417,0,2427,"[-77, -76]",[100],"[-81, -68, -66, -64, -62, -61, -60, -58]"
